specimen_id,IAgroup
IYS2022-Shimada-4-21-Trawl-6-1,W AK
IYS2022-Shimada-4-21-Trawl-6-2,W AK
IYS2022-Shimada-4-21-Trawl-6-3,W AK
IYS2022-Shimada-4-21-Trawl-6-4,SE AK / Transboundary
IYS2022-Shimada-4-26-Trawl-9-1,NC BC
IYS2022-Shimada-4-26-Trawl-9-2,W GOA
IYS2022-Shimada-4-26-Trawl-9-3,Unresolved
IYS2022-Shimada-4-26-Trawl-9-4,W GOA
IYS2022-Shimada-4-26-Trawl-9-5,NC BC
IYS2022-Shimada-4-25-Trawl-5-1,W GOA
IYS2022-Franklin-5-49-135-Trawl-115-0001,SE AK / Transboundary
IYS2022-Franklin-5-48-135-Trawl-115-0002,WA/OR coasts
IYS2022-Franklin-5-47-138-Trawl-115-0003,W Coast Vanc Is
IYS2022-Franklin-5-47-138-Trawl-115-0004,Columbia River
IYS2022-Franklin-5-47-138-Trawl-115-0005,WA/OR coasts
IYS2022-Franklin-5-47-138-Trawl-115-0006,Unresolved
IYS2022-Franklin-5-49-138-Trawl-115-0007,NC BC
IYS2022-Franklin-5-49-138-Trawl-115-0008,W GOA
IYS2022-Franklin-5-49-141-Trawl-115-0009,SE AK / Transboundary
IYS2022-Franklin-5-49-141-Trawl-115-0010,SE AK / Transboundary
IYS2022-Franklin-5-47-141-Trawl-115-0011,Unresolved
IYS2022-Franklin-5-47-141-Trawl-115-0012,Unresolved
IYS2022-Franklin-5-47-141-Trawl-115-0013,SE AK / Transboundary
IYS2022-Franklin-5-47-144-Trawl-115-0014,Genotyping Failed
IYS2022-Franklin-5-48-144-Trawl-115-0015,SE AK / Transboundary
IYS2022-Franklin-5-48-144-Trawl-115-0016,SE AK / Transboundary
IYS2022-NW-2-16-Trawl-2-4,Genotyping Failed
IYS2022-NW-2-19-Trawl-2-14,Russia
IYS2022-NW-2-20-Trawl-3-56,Russia
IYS2022-TINRO-3-1-Trawl-213-485,Russia
IYS2022-TINRO-3-2-Trawl-11-13,Russia
IYS2022-TINRO-3-2-Trawl-11-14,Russia
IYS2022-TINRO-3-2-Trawl-11-15,Russia
IYS2022-TINRO-3-2-Trawl-11-16,Russia
IYS2022-TINRO-3-3-Trawl-19-23,Russia
IYS2022-TINRO-3-4-Trawl-29-27,Russia
IYS2022-TINRO-3-4-Trawl-29-28,W AK
IYS2022-TINRO-3-4-Trawl-29-29,Russia
IYS2022-TINRO-3-4-Trawl-29-30,W AK
IYS2022-TINRO-3-5-Trawl-34-31,W AK
IYS2022-TINRO-3-7-Trawl-43-32,Russia
IYS2022-TINRO-3-8-Trawl-47-34,W AK
IYS2022-TINRO-3-10-Trawl-61-86,Russia
IYS2022-TINRO-3-10-Trawl-61-87,Russia
IYS2022-TINRO-3-14-Trawl-99-201,Russia
IYS2022-TINRO-3-14-Trawl-99-202,Russia
IYS2022-TINRO-3-20-Trawl-145-258,Russia
IYS2022-TINRO-3-20-Trawl-145-259,Russia
IYS2022-TINRO-3-25-Trawl-176-314,Russia
IYS2022-TINRO-3-25-Trawl-176-315,Russia
IYS2022-TINRO-3-25-Trawl-176-316,W AK
IYS2022-TINRO-3-26-Trawl-188-437,Russia
IYS2022-TINRO-3-26-Trawl-187-436,Chum
IYS2022-TINRO-3-27-Trawl-193-441,Russia
IYS2022-TINRO-3-28-Trawl-203-450,Russia
IYS2022-TINRO-3-30-Trawl-215-487,Russia
IYS2022-TINRO-3-31-Trawl-222-497,Russia
IYS2022-TINRO-3-31-Trawl-222-498,Russia
IYS2022-TINRO-3-31-Trawl-222-499,Russia
IYS2022-TINRO-3-31-Trawl-222-500,Russia
IYS2022-TINRO-3-31-Trawl-222-501,Russia
IYS2022-TINRO-3-3-Trawl-16-19,NorthernRussia
IYS2022-TINRO-3-3-Trawl-17-20,NorthernRussia
IYS2022-TINRO-3-8-Trawl-46-33,NorthernRussia
IYS2022-TINRO-3-9-Trawl-48-35,NorthernRussia
IYS2022-TINRO-3-10-Trawl-62-88,Japan/Korea/SouthernRussia
IYS2022-TINRO-3-10-Trawl-62-89,SouthernBC/WA
IYS2022-TINRO-3-10-Trawl-62-90,NorthernRussia
IYS2022-TINRO-3-11-Trawl-70-91,NorthernRussia
IYS2022-TINRO-3-12-Trawl-80-104,NorthernRussia
IYS2022-TINRO-3-12-Trawl-80-105,Japan/Korea/SouthernRussia
IYS2022-TINRO-3-12-Trawl-80-106,SEAK/NorthernBC
IYS2022-TINRO-3-12-Trawl-80-107,SEAK/NorthernBC
IYS2022-TINRO-3-12-Trawl-80-108,Japan/Korea/SouthernRussia
IYS2022-TINRO-3-12-Trawl-80-109,Japan/Korea/SouthernRussia
IYS2022-TINRO-3-12-Trawl-80-110,Japan/Korea/SouthernRussia
IYS2022-TINRO-3-12-Trawl-80-111,Japan/Korea/SouthernRussia
IYS2022-TINRO-3-12-Trawl-80-112,SEAK/NorthernBC
IYS2022-TINRO-3-12-Trawl-80-113,Japan/Korea/SouthernRussia
IYS2022-TINRO-3-13-Trawl-85-114,NAKPen/WesternGOA
IYS2022-TINRO-3-13-Trawl-85-115,NorthernRussia
IYS2022-TINRO-3-13-Trawl-85-116,Japan/Korea/SouthernRussia
IYS2022-TINRO-3-13-Trawl-85-117,Japan/Korea/SouthernRussia
IYS2022-TINRO-3-13-Trawl-85-118,NorthernRussia
IYS2022-TINRO-3-13-Trawl-85-119,Japan/Korea/SouthernRussia
IYS2022-TINRO-3-13-Trawl-85-120,NorthernRussia
IYS2022-TINRO-3-13-Trawl-85-121,Japan/Korea/SouthernRussia
IYS2022-TINRO-3-13-Trawl-85-122,NorthernRussia
IYS2022-TINRO-3-13-Trawl-85-123,SouthernBC/WA
IYS2022-TINRO-3-13-Trawl-85-124,SEAK/NorthernBC
IYS2022-TINRO-3-13-Trawl-85-125,SouthernBC/WA
IYS2022-TINRO-3-13-Trawl-85-126,NAKPen/WesternGOA
IYS2022-TINRO-3-13-Trawl-85-127,NorthernRussia
IYS2022-TINRO-3-13-Trawl-85-128,NorthernRussia
IYS2022-TINRO-3-13-Trawl-85-129,Japan/Korea/SouthernRussia
IYS2022-TINRO-3-13-Trawl-85-130,NorthernRussia
IYS2022-TINRO-3-13-Trawl-86-131,WesternAK
IYS2022-TINRO-3-13-Trawl-86-132,WesternAK
IYS2022-TINRO-3-13-Trawl-86-133,WesternAK
IYS2022-TINRO-3-13-Trawl-86-184,WesternAK
IYS2022-TINRO-3-14-Trawl-100-203,Japan/Korea/SouthernRussia
IYS2022-TINRO-3-15-Trawl-108-227,NAKPen/WesternGOA
IYS2022-TINRO-3-15-Trawl-108-228,SEAK/NorthernBC
IYS2022-TINRO-3-15-Trawl-108-229,NorthernRussia
IYS2022-TINRO-3-15-Trawl-108-230,NorthernRussia
IYS2022-TINRO-3-15-Trawl-108-231,SouthernBC/WA
IYS2022-TINRO-3-15-Trawl-108-232,NAKPen/WesternGOA
IYS2022-TINRO-3-15-Trawl-108-234,WesternAK
IYS2022-TINRO-3-15-Trawl-108-235,NorthernRussia
IYS2022-TINRO-3-17-Trawl-122-238,SEAK/NorthernBC
IYS2022-TINRO-3-17-Trawl-122-239,SouthernBC/WA
IYS2022-TINRO-3-20-Trawl-146-261,Japan/Korea/SouthernRussia
IYS2022-TINRO-3-20-Trawl-146-262,WesternAK
IYS2022-TINRO-3-22-Trawl-151-264,Japan/Korea/SouthernRussia
IYS2022-TINRO-3-24-Trawl-164-304,SEAK/NorthernBC
IYS2022-TINRO-3-24-Trawl-164-305,NorthernRussia
IYS2022-TINRO-3-24-Trawl-164-306,Japan/Korea/SouthernRussia
IYS2022-TINRO-3-24-Trawl-164-307,Japan/Korea/SouthernRussia
IYS2022-TINRO-3-24-Trawl-167-310,WesternAK
IYS2022-TINRO-3-24-Trawl-167-311,SEAK/NorthernBC
IYS2022-TINRO-3-25-Trawl-175-312,NorthernRussia
IYS2022-TINRO-3-25-Trawl-175-313,NorthernRussia
IYS2022-TINRO-3-26-Trawl-180-327,Japan/Korea/SouthernRussia
IYS2022-TINRO-3-26-Trawl-180-328,SEAK/NorthernBC
IYS2022-TINRO-3-26-Trawl-180-329,NorthernRussia
IYS2022-TINRO-3-26-Trawl-180-330,Japan/Korea/SouthernRussia
IYS2022-TINRO-3-26-Trawl-181-354,NAKPen/WesternGOA
IYS2022-TINRO-3-26-Trawl-181-355,WesternAK
IYS2022-TINRO-3-26-Trawl-181-356,WesternAK
IYS2022-TINRO-3-26-Trawl-181-357,WesternAK
IYS2022-TINRO-3-26-Trawl-181-358,WesternAK
IYS2022-TINRO-3-26-Trawl-180-332,NorthernRussia
IYS2022-TINRO-3-26-Trawl-180-333,Japan/Korea/SouthernRussia
IYS2022-TINRO-3-26-Trawl-180-334,Japan/Korea/SouthernRussia
IYS2022-TINRO-3-26-Trawl-180-335,Japan/Korea/SouthernRussia
IYS2022-TINRO-3-26-Trawl-181-359,WesternAK
IYS2022-TINRO-3-26-Trawl-181-360,WesternAK
IYS2022-TINRO-3-26-Trawl-181-361,NorthernRussia
IYS2022-TINRO-3-26-Trawl-181-362,WesternAK
IYS2022-TINRO-3-26-Trawl-181-363,NAKPen/WesternGOA
IYS2022-TINRO-3-26-Trawl-181-364,WesternAK
IYS2022-TINRO-3-26-Trawl-181-365,WesternAK
IYS2022-TINRO-3-26-Trawl-181-366,WesternAK
IYS2022-TINRO-3-26-Trawl-181-367,WesternAK
IYS2022-TINRO-3-26-Trawl-181-368,WesternAK
IYS2022-TINRO-3-26-Trawl-181-369,WesternAK
IYS2022-TINRO-3-26-Trawl-180-336,Japan/Korea/SouthernRussia
IYS2022-TINRO-3-26-Trawl-180-337,NorthernRussia
IYS2022-TINRO-3-26-Trawl-180-338,Japan/Korea/SouthernRussia
IYS2022-TINRO-3-26-Trawl-180-339,NorthernRussia
IYS2022-TINRO-3-26-Trawl-180-340,Japan/Korea/SouthernRussia
IYS2022-TINRO-3-26-Trawl-180-341,Japan/Korea/SouthernRussia
IYS2022-TINRO-3-26-Trawl-180-375,NorthernRussia
IYS2022-TINRO-3-26-Trawl-180-342,Japan/Korea/SouthernRussia
IYS2022-TINRO-3-26-Trawl-180-343,Japan/Korea/SouthernRussia
IYS2022-TINRO-3-26-Trawl-180-344,NorthernRussia
IYS2022-TINRO-3-26-Trawl-180-345,Japan/Korea/SouthernRussia
IYS2022-TINRO-3-26-Trawl-180-346,NorthernRussia
IYS2022-TINRO-3-26-Trawl-180-347,Japan/Korea/SouthernRussia
IYS2022-TINRO-3-26-Trawl-180-348,Japan/Korea/SouthernRussia
IYS2022-TINRO-3-26-Trawl-180-376,NorthernRussia
IYS2022-TINRO-3-26-Trawl-180-349,Japan/Korea/SouthernRussia
IYS2022-TINRO-3-26-Trawl-180-350,Japan/Korea/SouthernRussia
IYS2022-TINRO-3-26-Trawl-180-351,Japan/Korea/SouthernRussia
IYS2022-TINRO-3-26-Trawl-180-352,NorthernRussia
IYS2022-TINRO-3-26-Trawl-180-353,NorthernRussia
IYS2022-TINRO-3-26-Trawl-181-370,WesternAK
IYS2022-TINRO-3-26-Trawl-181-371,WesternAK
IYS2022-TINRO-3-26-Trawl-181-372,WesternAK
IYS2022-TINRO-3-26-Trawl-181-373,WesternAK
IYS2022-TINRO-3-26-Trawl-181-374,WesternAK
IYS2022-TINRO-3-29-Trawl-210-452,Japan/Korea/SouthernRussia
IYS2022-TINRO-3-29-Trawl-210-453,Japan/Korea/SouthernRussia
IYS2022-TINRO-3-32-Trawl-227-504,NorthernRussia
IYS2022-TINRO-3-32-Trawl-227-505,NorthernRussia
IYS2022-NW-2-2-Trawl-2-1,Japan/Korea/SouthernRussia
IYS2022-NW-2-2-Trawl-2-2,NorthernRussia
IYS2022-NW-2-2-Trawl-2-3,NorthernRussia
IYS2022-NW-2-2-Trawl-2-4,NorthernRussia
IYS2022-NW-2-2-Trawl-2-5,NAKPen/WesternGOA
IYS2022-NW-2-2-Trawl-2-6,NorthernRussia
IYS2022-NW-2-2-Trawl-2-7,Japan/Korea/SouthernRussia
IYS2022-NW-2-2-Trawl-2-8,NorthernRussia
IYS2022-NW-2-3-Trawl-2-1,SouthernBC/WA
IYS2022-NW-2-3-Trawl-2-2,Japan/Korea/SouthernRussia
IYS2022-NW-2-3-Trawl-2-4,SouthernBC/WA
IYS2022-NW-2-4-Trawl-1-3,SouthernBC/WA
IYS2022-NW-2-5-Trawl-1-1,NorthernRussia
IYS2022-NW-2-5-Trawl-1-2,NorthernRussia
IYS2022-NW-2-5-Trawl-1-3,NorthernRussia
IYS2022-NW-2-5-Trawl-1-4,WesternAK
IYS2022-NW-2-5-Trawl-1-5,Japan/Korea/SouthernRussia
IYS2022-NW-2-5-Trawl-1-6,NorthernRussia
IYS2022-NW-2-5-Trawl-1-7,NorthernRussia
IYS2022-NW-2-5-Trawl-1-8,Japan/Korea/SouthernRussia
IYS2022-NW-2-5-Trawl-1-9,Japan/Korea/SouthernRussia
IYS2022-NW-2-5-Trawl-1-10,Japan/Korea/SouthernRussia
IYS2022-NW-2-5-Trawl-1-11,WesternAK
IYS2022-NW-2-5-Trawl-1-12,Japan/Korea/SouthernRussia
IYS2022-NW-2-5-Trawl-1-13,Japan/Korea/SouthernRussia
IYS2022-NW-2-5-Trawl-1-14,SouthernBC/WA
IYS2022-NW-2-5-Trawl-1-15,Japan/Korea/SouthernRussia
IYS2022-NW-2-5-Trawl-1-16,Japan/Korea/SouthernRussia
IYS2022-NW-2-5-Trawl-1-17,NorthernRussia
IYS2022-NW-2-5-Trawl-1-18,Japan/Korea/SouthernRussia
IYS2022-NW-2-5-Trawl-1-19,NorthernRussia
IYS2022-NW-2-5-Trawl-1-20,NorthernRussia
IYS2022-NW-2-5-Trawl-1-21,Japan/Korea/SouthernRussia
IYS2022-NW-2-5-Trawl-1-22,NorthernRussia
IYS2022-NW-2-5-Trawl-1-23,NorthernRussia
IYS2022-NW-2-6-Trawl-2-1,Japan/Korea/SouthernRussia
IYS2022-NW-2-6-Trawl-2-2,Japan/Korea/SouthernRussia
IYS2022-NW-2-6-Trawl-2-3,NorthernRussia
IYS2022-NW-2-6-Trawl-2-4,Japan/Korea/SouthernRussia
IYS2022-NW-2-6-Trawl-2-5,SEAK/NorthernBC
IYS2022-NW-2-6-Trawl-2-6,Japan/Korea/SouthernRussia
IYS2022-NW-2-6-Trawl-2-7,NorthernRussia
IYS2022-NW-2-6-Trawl-2-8,Japan/Korea/SouthernRussia
IYS2022-NW-2-6-Trawl-2-9,NorthernRussia
IYS2022-NW-2-6-Trawl-2-10,Japan/Korea/SouthernRussia
IYS2022-NW-2-6-Trawl-2-11,SEAK/NorthernBC
IYS2022-NW-2-6-Trawl-2-12,NorthernRussia
IYS2022-NW-2-6-Trawl-2-13,NorthernRussia
IYS2022-NW-2-6-Trawl-2-14,Japan/Korea/SouthernRussia
IYS2022-NW-2-6-Trawl-2-15,NAKPen/WesternGOA
IYS2022-NW-2-6-Trawl-2-16,NorthernRussia
IYS2022-NW-2-6-Trawl-2-17,NorthernRussia
IYS2022-NW-2-6-Trawl-2-19,NorthernRussia
IYS2022-NW-2-6-Trawl-2-20,NorthernRussia
IYS2022-NW-2-6-Trawl-2-21,Japan/Korea/SouthernRussia
IYS2022-NW-2-6-Trawl-2-22,NorthernRussia
IYS2022-NW-2-6-Trawl-2-23,NorthernRussia
IYS2022-NW-2-6-Trawl-2-24,NorthernRussia
IYS2022-NW-2-6-Trawl-2-25,Japan/Korea/SouthernRussia
IYS2022-NW-2-6-Trawl-2-26,NorthernRussia
IYS2022-NW-2-6-Trawl-2-27,WesternAK
IYS2022-NW-2-6-Trawl-2-28,NorthernRussia
IYS2022-NW-2-6-Trawl-2-29,NorthernRussia
IYS2022-NW-2-6-Trawl-2-30,NorthernRussia
IYS2022-NW-2-6-Trawl-2-31,NorthernRussia
IYS2022-NW-2-6-Trawl-2-32,NorthernRussia
IYS2022-NW-2-7-Trawl-1-11,NorthernRussia
IYS2022-NW-2-7-Trawl-1-12,NorthernRussia
IYS2022-NW-2-7-Trawl-1-13,Japan/Korea/SouthernRussia
IYS2022-NW-2-8-Trawl-3-9,Japan/Korea/SouthernRussia
IYS2022-NW-2-8-Trawl-3-10,NorthernRussia
IYS2022-NW-2-8-Trawl-3-11,SouthernBC/WA
IYS2022-NW-2-11-Trawl-2-9,NorthernRussia
IYS2022-NW-2-12-Trawl-5-13,NorthernRussia
IYS2022-NW-2-12-Trawl-5-14,Japan/Korea/SouthernRussia
IYS2022-NW-2-12-Trawl-5-15,Japan/Korea/SouthernRussia
IYS2022-NW-2-12-Trawl-5-16,Japan/Korea/SouthernRussia
IYS2022-NW-2-12-Trawl-5-17,Japan/Korea/SouthernRussia
IYS2022-NW-2-12-Trawl-5-18,NorthernRussia
IYS2022-NW-2-12-Trawl-5-19,Japan/Korea/SouthernRussia
IYS2022-NW-2-12-Trawl-5-20,Japan/Korea/SouthernRussia
IYS2022-NW-2-12-Trawl-5-21,NorthernRussia
IYS2022-NW-2-12-Trawl-5-22,NorthernRussia
IYS2022-NW-2-12-Trawl-5-23,Japan/Korea/SouthernRussia
IYS2022-NW-2-13-Trawl-4-1,NorthernRussia
IYS2022-NW-2-13-Trawl-4-3,Japan/Korea/SouthernRussia
IYS2022-NW-2-13-Trawl-4-4,NorthernRussia
IYS2022-NW-2-13-Trawl-4-5,SEAK/NorthernBC
IYS2022-NW-2-13-Trawl-4-6,NorthernRussia
IYS2022-NW-2-13-Trawl-4-8,NorthernRussia
IYS2022-NW-2-13-Trawl-4-9,Japan/Korea/SouthernRussia
IYS2022-NW-2-13-Trawl-4-10,NorthernRussia
IYS2022-NW-2-13-Trawl-4-12,Japan/Korea/SouthernRussia
IYS2022-NW-2-13-Trawl-4-11,NorthernRussia
IYS2022-NW-2-13-Trawl-4-13,Japan/Korea/SouthernRussia
IYS2022-NW-2-13-Trawl-4-14,NorthernRussia
IYS2022-NW-2-13-Trawl-4-15,WesternAK
IYS2022-NW-2-13-Trawl-4-16,NorthernRussia
IYS2022-NW-2-13-Trawl-4-17,Japan/Korea/SouthernRussia
IYS2022-NW-2-13-Trawl-4-18,NorthernRussia
IYS2022-NW-2-13-Trawl-4-19,Japan/Korea/SouthernRussia
IYS2022-NW-2-13-Trawl-4-20,NorthernRussia
IYS2022-NW-2-13-Trawl-4-21,Japan/Korea/SouthernRussia
IYS2022-NW-2-13-Trawl-4-22,Japan/Korea/SouthernRussia
IYS2022-NW-2-13-Trawl-4-23,NorthernRussia
IYS2022-NW-2-13-Trawl-4-24,Japan/Korea/SouthernRussia
IYS2022-NW-2-13-Trawl-4-25,Japan/Korea/SouthernRussia
IYS2022-NW-2-13-Trawl-4-26,NorthernRussia
IYS2022-NW-2-14-Trawl-2-27,NorthernRussia
IYS2022-NW-2-14-Trawl-2-28,Japan/Korea/SouthernRussia
IYS2022-NW-2-14-Trawl-2-29,Japan/Korea/SouthernRussia
IYS2022-NW-2-14-Trawl-2-30,NorthernRussia
IYS2022-NW-2-14-Trawl-2-31,NorthernRussia
IYS2022-NW-2-14-Trawl-2-32,Japan/Korea/SouthernRussia
IYS2022-NW-2-14-Trawl-2-34,Japan/Korea/SouthernRussia
IYS2022-NW-2-15-Trawl-3-1,NorthernRussia
IYS2022-NW-2-15-Trawl-3-2,NorthernRussia
IYS2022-NW-2-15-Trawl-3-3,NorthernRussia
IYS2022-NW-2-15-Trawl-3-4,NorthernRussia
IYS2022-NW-2-15-Trawl-3-5,Japan/Korea/SouthernRussia
IYS2022-NW-2-15-Trawl-3-6,NorthernRussia
IYS2022-NW-2-15-Trawl-3-7,NorthernRussia
IYS2022-NW-2-15-Trawl-3-8,Japan/Korea/SouthernRussia
IYS2022-NW-2-15-Trawl-3-9,NorthernRussia
IYS2022-NW-2-15-Trawl-3-10,Japan/Korea/SouthernRussia
IYS2022-NW-2-15-Trawl-3-11,NorthernRussia
IYS2022-NW-2-15-Trawl-3-13,NorthernRussia
IYS2022-NW-2-15-Trawl-3-14,NorthernRussia
IYS2022-NW-2-15-Trawl-3-15,NorthernRussia
IYS2022-NW-2-15-Trawl-3-16,NorthernRussia
IYS2022-NW-2-15-Trawl-3-17,NorthernRussia
IYS2022-NW-2-15-Trawl-3-18,Japan/Korea/SouthernRussia
IYS2022-NW-2-15-Trawl-3-19,NorthernRussia
IYS2022-NW-2-15-Trawl-3-20,NorthernRussia
IYS2022-NW-2-15-Trawl-3-21,NorthernRussia
IYS2022-NW-2-15-Trawl-3-22,NorthernRussia
IYS2022-NW-2-15-Trawl-3-23,NorthernRussia
IYS2022-NW-2-15-Trawl-3-24,NorthernRussia
IYS2022-NW-2-16-Trawl-4-1,NorthernRussia
IYS2022-NW-2-16-Trawl-4-2,NorthernRussia
IYS2022-NW-2-16-Trawl-4-3,Japan/Korea/SouthernRussia
IYS2022-NW-2-16-Trawl-4-5,Japan/Korea/SouthernRussia
IYS2022-NW-2-16-Trawl-4-6,NorthernRussia
IYS2022-NW-2-16-Trawl-4-7,NorthernRussia
IYS2022-NW-2-16-Trawl-4-8,NorthernRussia
IYS2022-NW-2-16-Trawl-4-9,NorthernRussia
IYS2022-NW-2-16-Trawl-4-10,Japan/Korea/SouthernRussia
IYS2022-NW-2-16-Trawl-4-11,Japan/Korea/SouthernRussia
IYS2022-NW-2-16-Trawl-4-12,NorthernRussia
IYS2022-NW-2-16-Trawl-4-13,NorthernRussia
IYS2022-NW-2-16-Trawl-4-14,NorthernRussia
IYS2022-NW-2-16-Trawl-4-15,NorthernRussia
IYS2022-NW-2-16-Trawl-4-16,Japan/Korea/SouthernRussia
IYS2022-NW-2-16-Trawl-4-17,Japan/Korea/SouthernRussia
IYS2022-NW-2-16-Trawl-4-18,NorthernRussia
IYS2022-NW-2-16-Trawl-4-19,NorthernRussia
IYS2022-NW-2-16-Trawl-4-20,NorthernRussia
IYS2022-NW-2-16-Trawl-4-21,NorthernRussia
IYS2022-NW-2-16-Trawl-4-22,Japan/Korea/SouthernRussia
IYS2022-NW-2-16-Trawl-4-23,Japan/Korea/SouthernRussia
IYS2022-NW-2-16-Trawl-4-24,NorthernRussia
IYS2022-NW-2-16-Trawl-4-25,SEAK/NorthernBC
IYS2022-NW-2-16-Trawl-4-26,NorthernRussia
IYS2022-NW-2-16-Trawl-4-27,NorthernRussia
IYS2022-NW-2-16-Trawl-4-28,NorthernRussia
IYS2022-NW-2-16-Trawl-4-29,NorthernRussia
IYS2022-NW-2-16-Trawl-4-30,NorthernRussia
IYS2022-NW-2-16-Trawl-4-31,NorthernRussia
IYS2022-NW-2-16-Trawl-4-32,NorthernRussia
IYS2022-NW-2-16-Trawl-4-33,NorthernRussia
IYS2022-NW-2-16-Trawl-4-34,Japan/Korea/SouthernRussia
IYS2022-NW-2-16-Trawl-4-35,NorthernRussia
IYS2022-NW-2-16-Trawl-4-36,NAKPen/WesternGOA
IYS2022-NW-2-16-Trawl-4-37,NorthernRussia
IYS2022-NW-2-17-Trawl-1-1,NorthernRussia
IYS2022-NW-2-17-Trawl-1-2,NorthernRussia
IYS2022-NW-2-17-Trawl-1-3,Japan/Korea/SouthernRussia
IYS2022-NW-2-17-Trawl-1-4,Japan/Korea/SouthernRussia
IYS2022-NW-2-17-Trawl-1-5,NorthernRussia
IYS2022-NW-2-17-Trawl-1-6,NorthernRussia
IYS2022-NW-2-17-Trawl-1-7,NorthernRussia
IYS2022-NW-2-17-Trawl-1-8,Japan/Korea/SouthernRussia
IYS2022-NW-2-17-Trawl-1-9,NorthernRussia
IYS2022-NW-2-17-Trawl-1-10,NorthernRussia
IYS2022-NW-2-17-Trawl-1-11,Japan/Korea/SouthernRussia
IYS2022-NW-2-17-Trawl-1-12,NorthernRussia
IYS2022-NW-2-17-Trawl-1-13,NorthernRussia
IYS2022-NW-2-17-Trawl-1-14,NorthernRussia
IYS2022-NW-2-17-Trawl-1-15,NorthernRussia
IYS2022-NW-2-17-Trawl-1-16,SEAK/NorthernBC
IYS2022-NW-2-17-Trawl-1-17,NAKPen/WesternGOA
IYS2022-NW-2-17-Trawl-1-18,NorthernRussia
IYS2022-NW-2-17-Trawl-1-19,Japan/Korea/SouthernRussia
IYS2022-NW-2-17-Trawl-1-20,Japan/Korea/SouthernRussia
IYS2022-NW-2-17-Trawl-1-21,Japan/Korea/SouthernRussia
IYS2022-NW-2-17-Trawl-1-22,Japan/Korea/SouthernRussia
IYS2022-NW-2-17-Trawl-1-23,NorthernRussia
IYS2022-NW-2-17-Trawl-1-24,NorthernRussia
IYS2022-NW-2-17-Trawl-1-25,Japan/Korea/SouthernRussia
IYS2022-NW-2-17-Trawl-1-26,NorthernRussia
IYS2022-NW-2-17-Trawl-1-27,Japan/Korea/SouthernRussia
IYS2022-NW-2-17-Trawl-1-28,NAKPen/WesternGOA
IYS2022-NW-2-17-Trawl-1-29,Japan/Korea/SouthernRussia
IYS2022-NW-2-17-Trawl-1-30,Japan/Korea/SouthernRussia
IYS2022-NW-2-17-Trawl-1-31,NorthernRussia
IYS2022-NW-2-17-Trawl-1-32,NorthernRussia
IYS2022-NW-2-17-Trawl-1-33,NorthernRussia
IYS2022-NW-2-17-Trawl-1-34,NorthernRussia
IYS2022-NW-2-17-Trawl-1-35,NorthernRussia
IYS2022-NW-2-17-Trawl-1-36,NorthernRussia
IYS2022-NW-2-17-Trawl-1-37,NorthernRussia
IYS2022-NW-2-17-Trawl-1-39,NorthernRussia
IYS2022-NW-2-17-Trawl-1-40,NorthernRussia
IYS2022-NW-2-17-Trawl-1-41,NorthernRussia
IYS2022-NW-2-17-Trawl-1-42,NorthernRussia
IYS2022-NW-2-17-Trawl-1-43,NorthernRussia
IYS2022-NW-2-17-Trawl-1-44,Japan/Korea/SouthernRussia
IYS2022-NW-2-17-Trawl-1-45,NorthernRussia
IYS2022-NW-2-17-Trawl-1-46,NorthernRussia
IYS2022-NW-2-17-Trawl-1-48,NorthernRussia
IYS2022-NW-2-17-Trawl-1-49,NorthernRussia
IYS2022-NW-2-17-Trawl-1-50,NorthernRussia
IYS2022-NW-2-17-Trawl-1-51,Japan/Korea/SouthernRussia
IYS2022-NW-2-17-Trawl-1-52,NorthernRussia
IYS2022-NW-2-17-Trawl-1-53,NorthernRussia
IYS2022-NW-2-17-Trawl-1-54,NorthernRussia
IYS2022-NW-2-17-Trawl-1-55,NorthernRussia
IYS2022-NW-2-18-Trawl-1-1,NorthernRussia
IYS2022-NW-2-18-Trawl-1-2,NorthernRussia
IYS2022-NW-2-18-Trawl-1-3,NorthernRussia
IYS2022-NW-2-18-Trawl-1-4,Japan/Korea/SouthernRussia
IYS2022-NW-2-18-Trawl-1-5,Japan/Korea/SouthernRussia
IYS2022-NW-2-18-Trawl-1-6,Japan/Korea/SouthernRussia
IYS2022-NW-2-18-Trawl-1-7,Japan/Korea/SouthernRussia
IYS2022-NW-2-18-Trawl-1-8,NorthernRussia
IYS2022-NW-2-18-Trawl-1-9,NorthernRussia
IYS2022-NW-2-18-Trawl-1-10,NorthernRussia
IYS2022-NW-2-18-Trawl-1-11,NorthernRussia
IYS2022-NW-2-18-Trawl-1-12,NorthernRussia
IYS2022-NW-2-18-Trawl-1-13,NorthernRussia
IYS2022-NW-2-18-Trawl-1-14,Japan/Korea/SouthernRussia
IYS2022-NW-2-18-Trawl-1-15,Japan/Korea/SouthernRussia
IYS2022-NW-2-18-Trawl-1-16,SEAK/NorthernBC
IYS2022-NW-2-18-Trawl-1-17,NorthernRussia
IYS2022-NW-2-18-Trawl-1-18,Japan/Korea/SouthernRussia
IYS2022-NW-2-18-Trawl-1-19,NorthernRussia
IYS2022-NW-2-18-Trawl-1-20,Japan/Korea/SouthernRussia
IYS2022-NW-2-18-Trawl-1-21,Japan/Korea/SouthernRussia
IYS2022-NW-2-18-Trawl-1-22,Japan/Korea/SouthernRussia
IYS2022-NW-2-18-Trawl-1-23,NorthernRussia
IYS2022-NW-2-18-Trawl-1-24,NorthernRussia
IYS2022-NW-2-18-Trawl-1-25,NorthernRussia
IYS2022-NW-2-18-Trawl-1-26,NorthernRussia
IYS2022-NW-2-18-Trawl-1-27,NorthernRussia
IYS2022-NW-2-18-Trawl-1-29,Japan/Korea/SouthernRussia
IYS2022-NW-2-18-Trawl-1-30,NorthernRussia
IYS2022-NW-2-18-Trawl-1-31,Japan/Korea/SouthernRussia
IYS2022-NW-2-18-Trawl-1-32,NorthernRussia
IYS2022-NW-2-18-Trawl-1-33,Japan/Korea/SouthernRussia
IYS2022-NW-2-18-Trawl-1-34,Japan/Korea/SouthernRussia
IYS2022-NW-2-18-Trawl-1-35,NorthernRussia
IYS2022-NW-2-18-Trawl-1-36,Japan/Korea/SouthernRussia
IYS2022-NW-2-18-Trawl-1-37,NorthernRussia
IYS2022-NW-2-18-Trawl-1-39,NorthernRussia
IYS2022-NW-2-18-Trawl-1-40,NorthernRussia
IYS2022-NW-2-18-Trawl-1-41,NorthernRussia
IYS2022-NW-2-18-Trawl-1-42,NorthernRussia
IYS2022-NW-2-18-Trawl-1-43,NorthernRussia
IYS2022-NW-2-18-Trawl-1-44,NorthernRussia
IYS2022-NW-2-18-Trawl-1-45,NorthernRussia
IYS2022-NW-2-18-Trawl-1-46,NorthernRussia
IYS2022-NW-2-18-Trawl-1-47,NorthernRussia
IYS2022-NW-2-18-Trawl-1-48,NorthernRussia
IYS2022-NW-2-18-Trawl-1-49,Japan/Korea/SouthernRussia
IYS2022-NW-2-18-Trawl-1-50,NorthernRussia
IYS2022-NW-2-18-Trawl-1-51,Japan/Korea/SouthernRussia
IYS2022-NW-2-18-Trawl-1-52,Japan/Korea/SouthernRussia
IYS2022-NW-2-18-Trawl-1-53,NorthernRussia
IYS2022-NW-2-18-Trawl-1-54,Japan/Korea/SouthernRussia
IYS2022-NW-2-18-Trawl-1-55,Japan/Korea/SouthernRussia
IYS2022-NW-2-18-Trawl-1-56,Japan/Korea/SouthernRussia
IYS2022-NW-2-18-Trawl-1-57,NorthernRussia
IYS2022-NW-2-18-Trawl-1-58,Japan/Korea/SouthernRussia
IYS2022-NW-2-18-Trawl-1-59,NorthernRussia
IYS2022-NW-2-18-Trawl-1-60,Japan/Korea/SouthernRussia
IYS2022-NW-2-18-Trawl-1-61,NorthernRussia
IYS2022-NW-2-18-Trawl-1-62,NorthernRussia
IYS2022-NW-2-18-Trawl-1-77,Japan/Korea/SouthernRussia
IYS2022-NW-2-18-Trawl-1-64,NorthernRussia
IYS2022-NW-2-18-Trawl-1-65,NorthernRussia
IYS2022-NW-2-18-Trawl-1-66,NorthernRussia
IYS2022-NW-2-18-Trawl-1-67,NorthernRussia
IYS2022-NW-2-18-Trawl-1-68,NorthernRussia
IYS2022-NW-2-18-Trawl-1-69,NorthernRussia
IYS2022-NW-2-18-Trawl-1-70,NorthernRussia
IYS2022-NW-2-18-Trawl-1-71,NorthernRussia
IYS2022-NW-2-18-Trawl-1-72,Japan/Korea/SouthernRussia
IYS2022-NW-2-18-Trawl-1-73,NorthernRussia
IYS2022-NW-2-18-Trawl-1-74,NorthernRussia
IYS2022-NW-2-18-Trawl-1-75,NorthernRussia
IYS2022-NW-2-18-Trawl-1-76,Japan/Korea/SouthernRussia
IYS2022-NW-2-19-Trawl-4-1,WesternAK
IYS2022-NW-2-19-Trawl-4-2,Japan/Korea/SouthernRussia
IYS2022-NW-2-19-Trawl-4-3,NorthernRussia
IYS2022-NW-2-19-Trawl-4-4,NorthernRussia
IYS2022-NW-2-19-Trawl-4-5,SouthernBC/WA
IYS2022-NW-2-20-Trawl-1-38,SEAK/NorthernBC
IYS2022-NW-2-20-Trawl-1-39,Japan/Korea/SouthernRussia
IYS2022-NW-2-20-Trawl-1-40,Japan/Korea/SouthernRussia
IYS2022-NW-2-20-Trawl-1-41,Japan/Korea/SouthernRussia
IYS2022-NW-2-20-Trawl-1-42,SouthernBC/WA
IYS2022-NW-2-20-Trawl-1-43,Japan/Korea/SouthernRussia
IYS2022-NW-2-20-Trawl-1-44,NorthernRussia
IYS2022-NW-2-20-Trawl-1-45,Japan/Korea/SouthernRussia
IYS2022-NW-2-20-Trawl-1-46,NorthernRussia
IYS2022-NW-2-20-Trawl-1-47,NorthernRussia
IYS2022-NW-2-20-Trawl-1-48,SEAK/NorthernBC
IYS2022-NW-2-20-Trawl-1-49,NorthernRussia
IYS2022-NW-2-20-Trawl-1-50,Japan/Korea/SouthernRussia
IYS2022-NW-2-20-Trawl-1-51,Japan/Korea/SouthernRussia
IYS2022-NW-2-20-Trawl-1-52,Japan/Korea/SouthernRussia
IYS2022-NW-2-20-Trawl-1-53,Japan/Korea/SouthernRussia
IYS2022-NW-2-20-Trawl-1-54,NorthernRussia
IYS2022-NW-2-20-Trawl-1-55,NorthernRussia
IYS2022-NW-2-21-Trawl-2-4,Japan/Korea/SouthernRussia
IYS2022-NW-2-21-Trawl-2-5,NAKPen/WesternGOA
IYS2022-NW-2-22-Trawl-4-1,SEAK/NorthernBC
IYS2022-NW-2-22-Trawl-4-2,NorthernRussia
IYS2022-NW-2-22-Trawl-4-3,NorthernRussia
IYS2022-NW-2-22-Trawl-4-4,Japan/Korea/SouthernRussia
IYS2022-NW-2-22-Trawl-4-5,Japan/Korea/SouthernRussia
IYS2022-NW-2-22-Trawl-4-6,NorthernRussia
IYS2022-NW-2-22-Trawl-4-7,NorthernRussia
IYS2022-NW-2-22-Trawl-4-8,WesternAK
IYS2022-NW-2-22-Trawl-4-9,NorthernRussia
IYS2022-NW-2-22-Trawl-4-10,Japan/Korea/SouthernRussia
IYS2022-NW-2-22-Trawl-4-11,NorthernRussia
IYS2022-NW-2-22-Trawl-4-12,Japan/Korea/SouthernRussia
IYS2022-NW-2-22-Trawl-4-13,NorthernRussia
IYS2022-NW-2-22-Trawl-4-14,NorthernRussia
IYS2022-NW-2-22-Trawl-4-15,Japan/Korea/SouthernRussia
IYS2022-NW-2-22-Trawl-4-16,Japan/Korea/SouthernRussia
IYS2022-NW-2-22-Trawl-4-17,SEAK/NorthernBC
IYS2022-NW-2-22-Trawl-4-18,WesternAK
IYS2022-NW-2-22-Trawl-4-19,NorthernRussia
IYS2022-NW-2-22-Trawl-4-20,NorthernRussia
IYS2022-NW-2-22-Trawl-4-21,NorthernRussia
IYS2022-NW-2-22-Trawl-4-22,WesternAK
IYS2022-NW-2-22-Trawl-4-23,Japan/Korea/SouthernRussia
IYS2022-NW-2-22-Trawl-4-24,SouthernBC/WA
IYS2022-NW-2-22-Trawl-4-25,NorthernRussia
IYS2022-NW-2-22-Trawl-4-26,Japan/Korea/SouthernRussia
IYS2022-NW-2-22-Trawl-4-27,NorthernRussia
IYS2022-NW-2-22-Trawl-4-28,Japan/Korea/SouthernRussia
IYS2022-NW-2-22-Trawl-4-29,NorthernRussia
IYS2022-NW-2-22-Trawl-4-30,Japan/Korea/SouthernRussia
IYS2022-NW-2-22-Trawl-4-31,NorthernRussia
IYS2022-NW-2-22-Trawl-4-32,NorthernRussia
IYS2022-NW-2-22-Trawl-4-33,SEAK/NorthernBC
IYS2022-NW-2-22-Trawl-4-34,NorthernRussia
IYS2022-NW-2-22-Trawl-4-35,NorthernRussia
IYS2022-NW-2-22-Trawl-4-36,NorthernRussia
IYS2022-NW-2-22-Trawl-4-37,Japan/Korea/SouthernRussia
IYS2022-NW-2-22-Trawl-4-38,NorthernRussia
IYS2022-NW-2-22-Trawl-4-39,NorthernRussia
IYS2022-NW-2-22-Trawl-4-40,Japan/Korea/SouthernRussia
IYS2022-NW-2-22-Trawl-4-41,Japan/Korea/SouthernRussia
IYS2022-NW-2-22-Trawl-4-42,NorthernRussia
IYS2022-NW-2-22-Trawl-4-43,NorthernRussia
IYS2022-NW-2-22-Trawl-4-44,NorthernRussia
IYS2022-NW-2-22-Trawl-4-46,Japan/Korea/SouthernRussia
IYS2022-NW-2-22-Trawl-4-47,NorthernRussia
IYS2022-NW-2-22-Trawl-4-48,NorthernRussia
IYS2022-Shimada-4-3-Trawl-3-1,SEAK/NorthernBC
IYS2022-Shimada-4-20-Trawl-4-6,NorthernRussia
IYS2022-Shimada-4-20-Trawl-4-7,NAKPen/WesternGOA
IYS2022-Shimada-4-20-Trawl-4-8,SouthernBC/WA
IYS2022-Shimada-4-20-Trawl-4-9,NorthernRussia
IYS2022-Shimada-4-20-Trawl-4-10,SouthernBC/WA
IYS2022-Shimada-4-20-Trawl-4-11,Japan/Korea/SouthernRussia
IYS2022-Shimada-4-21-Trawl-5-2,WesternAK
IYS2022-Shimada-4-21-Trawl-5-3,WesternAK
IYS2022-Shimada-4-21-Trawl-5-4,SEAK/NorthernBC
IYS2022-Shimada-4-3-Trawl-3-2,SEAK/NorthernBC
IYS2022-Shimada-4-21-Trawl-5-5,Japan/Korea/SouthernRussia
IYS2022-Shimada-4-21-Trawl-5-6,NorthernRussia
IYS2022-Shimada-4-21-Trawl-5-7,Japan/Korea/SouthernRussia
IYS2022-Shimada-4-21-Trawl-5-8,NorthernRussia
IYS2022-Shimada-4-22-Trawl-4-1,Japan/Korea/SouthernRussia
IYS2022-Shimada-4-22-Trawl-4-2,WesternAK
IYS2022-Shimada-4-22-Trawl-4-3,NorthernRussia
IYS2022-Shimada-4-22-Trawl-4-4,NAKPen/WesternGOA
IYS2022-Shimada-4-22-Trawl-4-5,SEAK/NorthernBC
IYS2022-Shimada-4-22-Trawl-4-6,SEAK/NorthernBC
IYS2022-Shimada-4-3-Trawl-3-3,SEAK/NorthernBC
IYS2022-Shimada-4-22-Trawl-4-7,NAKPen/WesternGOA
IYS2022-Shimada-4-22-Trawl-4-8,SEAK/NorthernBC
IYS2022-Shimada-4-22-Trawl-4-9,SEAK/NorthernBC
IYS2022-Shimada-4-22-Trawl-4-11,NAKPen/WesternGOA
IYS2022-Shimada-4-22-Trawl-4-12,NAKPen/WesternGOA
IYS2022-Shimada-4-22-Trawl-4-13,NAKPen/WesternGOA
IYS2022-Shimada-4-22-Trawl-4-14,SEAK/NorthernBC
IYS2022-Shimada-4-22-Trawl-4-15,NorthernRussia
IYS2022-Shimada-4-19-Trawl-6-1,Japan/Korea/SouthernRussia
IYS2022-Shimada-4-22-Trawl-4-17,NAKPen/WesternGOA
IYS2022-Shimada-4-22-Trawl-4-18,SEAK/NorthernBC
IYS2022-Shimada-4-22-Trawl-4-19,SEAK/NorthernBC
IYS2022-Shimada-4-22-Trawl-4-20,NAKPen/WesternGOA
IYS2022-Shimada-4-22-Trawl-4-22,Japan/Korea/SouthernRussia
IYS2022-Shimada-4-22-Trawl-4-23,SEAK/NorthernBC
IYS2022-Shimada-4-22-Trawl-4-24,Japan/Korea/SouthernRussia
IYS2022-Shimada-4-22-Trawl-4-25,SEAK/NorthernBC
IYS2022-Shimada-4-22-Trawl-4-26,Japan/Korea/SouthernRussia
IYS2022-Shimada-4-20-Trawl-4-1,Japan/Korea/SouthernRussia
IYS2022-Shimada-4-22-Trawl-4-27,Japan/Korea/SouthernRussia
IYS2022-Shimada-4-22-Trawl-4-28,NorthernRussia
IYS2022-Shimada-4-22-Trawl-4-29,Japan/Korea/SouthernRussia
IYS2022-Shimada-4-24-Trawl-7-1,WesternAK
IYS2022-Shimada-4-25-Trawl-4-1,SEAK/NorthernBC
IYS2022-Shimada-4-25-Trawl-4-2,Japan/Korea/SouthernRussia
IYS2022-Shimada-4-25-Trawl-4-3,SEAK/NorthernBC
IYS2022-Shimada-4-25-Trawl-4-4,Japan/Korea/SouthernRussia
IYS2022-Shimada-4-25-Trawl-4-5,SEAK/NorthernBC
IYS2022-Shimada-4-20-Trawl-4-2,WesternAK
IYS2022-Shimada-4-25-Trawl-4-6,NAKPen/WesternGOA
IYS2022-Shimada-4-25-Trawl-4-7,SEAK/NorthernBC
IYS2022-Shimada-4-26-Trawl-8-2,NAKPen/WesternGOA
IYS2022-Shimada-4-27-Trawl-4-1,WesternAK
IYS2022-Shimada-4-27-Trawl-4-2,SEAK/NorthernBC
IYS2022-Shimada-4-20-Trawl-4-3,NorthernRussia
IYS2022-Shimada-4-20-Trawl-4-4,WesternAK
IYS2022-Shimada-4-20-Trawl-4-5,NorthernRussia
IYS2022-Franklin-5-47-135-Trawl-112-0005,SEAK/NorthernBC
IYS2022-Franklin-5-47-135-Trawl-112-0006,SEAK/NorthernBC
IYS2022-Franklin-5-47-135-Trawl-112-0007,SEAK/NorthernBC
IYS2022-Franklin-5-47-135-Trawl-112-0008,SEAK/NorthernBC
IYS2022-Franklin-5-47-135-Trawl-112-0009,SEAK/NorthernBC
IYS2022-Franklin-5-47-135-Trawl-112-0010,SEAK/NorthernBC
IYS2022-Franklin-5-47-135-Trawl-112-0011,SEAK/NorthernBC
IYS2022-Franklin-5-47-135-Trawl-112-0012,SEAK/NorthernBC
IYS2022-Franklin-5-47-135-Trawl-112-0013,SEAK/NorthernBC
IYS2022-Franklin-5-47-135-Trawl-112-0014,SEAK/NorthernBC
IYS2022-Franklin-5-47-135-Trawl-112-0015,SEAK/NorthernBC
IYS2022-Franklin-5-47-135-Trawl-112-0016,SouthernBC/WA
IYS2022-Franklin-5-47-135-Trawl-112-0017,SEAK/NorthernBC
IYS2022-Franklin-5-47-135-Trawl-112-0018,SouthernBC/WA
IYS2022-Franklin-5-47-135-Trawl-112-0019,SEAK/NorthernBC
IYS2022-Franklin-5-47-135-Trawl-112-0020,SEAK/NorthernBC
IYS2022-Franklin-5-47-135-Trawl-112-0021,SEAK/NorthernBC
IYS2022-Franklin-5-47-138-Trawl-112-0024,SEAK/NorthernBC
IYS2022-Franklin-5-47-138-Trawl-112-0026,WesternAK
IYS2022-Franklin-5-47-138-Trawl-112-0027,WesternAK
IYS2022-Franklin-5-48-138-Trawl-108-0030,SouthernBC/WA
IYS2022-Franklin-5-48-138-Trawl-112-0032,SEAK/NorthernBC
IYS2022-Franklin-5-48-138-Trawl-112-0033,SEAK/NorthernBC
IYS2022-Franklin-5-48-138-Trawl-112-0035,SEAK/NorthernBC
IYS2022-Franklin-5-48-138-Trawl-112-0036,SEAK/NorthernBC
IYS2022-Franklin-5-49-141-Trawl-112-0037,NorthernRussia
IYS2022-Franklin-5-49-141-Trawl-112-0038,SEAK/NorthernBC
IYS2022-Franklin-5-49-141-Trawl-112-0039,SouthernBC/WA
IYS2022-Franklin-5-49-141-Trawl-112-0043,SEAK/NorthernBC
IYS2022-Franklin-5-49-141-Trawl-112-0044,SouthernBC/WA
IYS2022-Franklin-5-49-141-Trawl-112-0045,NAKPen/WesternGOA
IYS2022-Franklin-5-49-141-Trawl-112-0046,SEAK/NorthernBC
IYS2022-Franklin-5-49-141-Trawl-112-0047,SEAK/NorthernBC
IYS2022-Franklin-5-49-141-Trawl-112-0048,Japan/Korea/SouthernRussia
IYS2022-Franklin-5-49-141-Trawl-112-0049,WesternAK
IYS2022-Franklin-5-49-141-Trawl-112-0050,Japan/Korea/SouthernRussia
IYS2022-Franklin-5-49-141-Trawl-112-0051,SouthernBC/WA
IYS2022-Franklin-5-49-141-Trawl-112-0053,Japan/Korea/SouthernRussia
IYS2022-Franklin-5-49-141-Trawl-112-0054,SEAK/NorthernBC
IYS2022-Franklin-5-49-141-Trawl-112-0055,Japan/Korea/SouthernRussia
IYS2022-Franklin-5-49-141-Trawl-112-0056,SEAK/NorthernBC
IYS2022-Franklin-5-49-141-Trawl-112-0057,SEAK/NorthernBC
IYS2022-Franklin-5-49-141-Trawl-112-0058,SEAK/NorthernBC
IYS2022-Franklin-5-49-141-Trawl-112-0059,SouthernBC/WA
IYS2022-Franklin-5-48-141-Trawl-112-0060,Japan/Korea/SouthernRussia
IYS2022-Franklin-5-48-141-Trawl-112-0061,Japan/Korea/SouthernRussia
IYS2022-Franklin-5-48-141-Trawl-112-0062,SEAK/NorthernBC
IYS2022-Franklin-5-48-141-Trawl-112-0063,SEAK/NorthernBC
IYS2022-Franklin-5-48-141-Trawl-112-0064,SEAK/NorthernBC
IYS2022-Franklin-5-48-141-Trawl-112-0065,SEAK/NorthernBC
IYS2022-Franklin-5-48-141-Trawl-112-0066,NAKPen/WesternGOA
IYS2022-Franklin-5-48-141-Trawl-112-0067,NAKPen/WesternGOA
IYS2022-Franklin-5-48-141-Trawl-112-0068,SEAK/NorthernBC
IYS2022-Franklin-5-48-141-Trawl-112-0069,SEAK/NorthernBC
IYS2022-Franklin-5-48-141-Trawl-112-0070,SEAK/NorthernBC
IYS2022-Franklin-5-47-141-Trawl-112-0076,SEAK/NorthernBC
IYS2022-Franklin-5-47-144-Trawl-112-0077,Japan/Korea/SouthernRussia
IYS2022-Franklin-5-48-144-Trawl-112-0078,SEAK/NorthernBC
IYS2022-Franklin-5-52-141-Trawl-112-0080,SEAK/NorthernBC
IYS2022-Franklin-5-52-141-Trawl-112-0081,SEAK/NorthernBC
IYS2022-Franklin-5-53-141-Trawl-112-0082,WesternAK
IYS2022-Franklin-5-53-138-Trawl-112-0084,NAKPen/WesternGOA
IYS2022-Franklin-5-55-138-Trawl-112-0085,SEAK/NorthernBC
IYS2022-Franklin-5-54-138-Trawl-112-0086,SouthernBC/WA
IYS2022-Franklin-5-54-138-Trawl-112-0087,SEAK/NorthernBC
IYS2022-Franklin-5-57-144-Trawl-112-0088,SEAK/NorthernBC
IYS2022-Franklin-5-57-144-Trawl-112-0089,NorthernRussia
IYS2022-TINRO-3-1-Trawl-3-2,Western_AK_BBay
IYS2022-TINRO-3-1-Trawl-3-3,Western_AK_BBay
IYS2022-TINRO-3-2-Trawl-12-5,BC_WA
IYS2022-TINRO-3-2-Trawl-12-6,BC_WA
IYS2022-TINRO-3-2-Trawl-12-7,AK_Pen_Kodiak_Afognak
IYS2022-TINRO-3-2-Trawl-12-8,Western_AK_BBay
IYS2022-TINRO-3-2-Trawl-12-9,Western_AK_BBay
IYS2022-TINRO-3-2-Trawl-12-12,Western_AK_BBay
IYS2022-TINRO-3-3-Trawl-18-21,PWS_CopperR_SEAK
IYS2022-TINRO-3-4-Trawl-28-24,Western_AK_BBay
IYS2022-TINRO-3-4-Trawl-28-25,PWS_CopperR_SEAK
IYS2022-TINRO-3-4-Trawl-28-26,Cook_Inlet
IYS2022-TINRO-3-10-Trawl-58-40,Western_AK_BBay
IYS2022-TINRO-3-10-Trawl-58-41,Cook_Inlet
IYS2022-TINRO-3-10-Trawl-58-42,Western_AK_BBay
IYS2022-TINRO-3-10-Trawl-58-43,Western_AK_BBay
IYS2022-TINRO-3-10-Trawl-58-44,AK_Pen_Kodiak_Afognak
IYS2022-TINRO-3-10-Trawl-58-45,Western_AK_BBay
IYS2022-TINRO-3-10-Trawl-58-46,Western_AK_BBay
IYS2022-TINRO-3-10-Trawl-58-47,AK_Pen_Kodiak_Afognak
IYS2022-TINRO-3-10-Trawl-59-48,AK_Pen_Kodiak_Afognak
IYS2022-TINRO-3-10-Trawl-58-50,Western_AK_BBay
IYS2022-TINRO-3-10-Trawl-58-52,AK_Pen_Kodiak_Afognak
IYS2022-TINRO-3-10-Trawl-58-53,Western_AK_BBay
IYS2022-TINRO-3-10-Trawl-58-54,Western_AK_BBay
IYS2022-TINRO-3-10-Trawl-58-55,Western_AK_BBay
IYS2022-TINRO-3-10-Trawl-58-57,Western_AK_BBay
IYS2022-TINRO-3-10-Trawl-58-58,AK_Pen_Kodiak_Afognak
IYS2022-TINRO-3-10-Trawl-58-59,Western_AK_BBay
IYS2022-TINRO-3-10-Trawl-58-60,Western_AK_BBay
IYS2022-TINRO-3-10-Trawl-58-63,AK_Pen_Kodiak_Afognak
IYS2022-TINRO-3-10-Trawl-58-64,Western_AK_BBay
IYS2022-TINRO-3-10-Trawl-58-65,Western_AK_BBay
IYS2022-TINRO-3-10-Trawl-58-66,Western_AK_BBay
IYS2022-TINRO-3-10-Trawl-58-67,Cook_Inlet
IYS2022-TINRO-3-10-Trawl-59-68,AK_Pen_Kodiak_Afognak
IYS2022-TINRO-3-10-Trawl-58-69,AK_Pen_Kodiak_Afognak
IYS2022-TINRO-3-10-Trawl-58-70,AK_Pen_Kodiak_Afognak
IYS2022-TINRO-3-10-Trawl-58-71,AK_Pen_Kodiak_Afognak
IYS2022-TINRO-3-10-Trawl-58-72,Cook_Inlet
IYS2022-TINRO-3-10-Trawl-58-74,Western_AK_BBay
IYS2022-TINRO-3-10-Trawl-58-75,Cook_Inlet
IYS2022-TINRO-3-10-Trawl-58-76,Western_AK_BBay
IYS2022-TINRO-3-10-Trawl-58-77,Western_AK_BBay
IYS2022-TINRO-3-10-Trawl-58-78,AK_Pen_Kodiak_Afognak
IYS2022-TINRO-3-10-Trawl-59-79,Western_AK_BBay
IYS2022-TINRO-3-10-Trawl-58-80,Cook_Inlet
IYS2022-TINRO-3-10-Trawl-58-83,Western_AK_BBay
IYS2022-TINRO-3-10-Trawl-58-84,Western_AK_BBay
IYS2022-TINRO-3-12-Trawl-78-92,Western_AK_BBay
IYS2022-TINRO-3-12-Trawl-78-96,Western_AK_BBay
IYS2022-TINRO-3-12-Trawl-78-97,Western_AK_BBay
IYS2022-TINRO-3-12-Trawl-78-98,Western_AK_BBay
IYS2022-TINRO-3-12-Trawl-78-99,Western_AK_BBay
IYS2022-TINRO-3-12-Trawl-79-100,Cook_Inlet
IYS2022-TINRO-3-12-Trawl-79-101,PWS_CopperR_SEAK
IYS2022-TINRO-3-12-Trawl-79-103,Western_AK_BBay
IYS2022-TINRO-3-13-Trawl-88-134,Western_AK_BBay
IYS2022-TINRO-3-13-Trawl-88-136,Western_AK_BBay
IYS2022-TINRO-3-13-Trawl-88-137,Western_AK_BBay
IYS2022-TINRO-3-13-Trawl-88-138,Western_AK_BBay
IYS2022-TINRO-3-13-Trawl-87-160,Western_AK_BBay
IYS2022-TINRO-3-13-Trawl-87-161,AK_Pen_Kodiak_Afognak
IYS2022-TINRO-3-13-Trawl-87-163,Western_AK_BBay
IYS2022-TINRO-3-13-Trawl-88-139,Western_AK_BBay
IYS2022-TINRO-3-13-Trawl-87-165,Western_AK_BBay
IYS2022-TINRO-3-13-Trawl-88-140,Western_AK_BBay
IYS2022-TINRO-3-13-Trawl-88-141,Western_AK_BBay
IYS2022-TINRO-3-13-Trawl-87-166,Western_AK_BBay
IYS2022-TINRO-3-13-Trawl-88-143,Western_AK_BBay
IYS2022-TINRO-3-13-Trawl-87-168,Cook_Inlet
IYS2022-TINRO-3-13-Trawl-87-169,AK_Pen_Kodiak_Afognak
IYS2022-TINRO-3-13-Trawl-87-170,Cook_Inlet
IYS2022-TINRO-3-13-Trawl-88-144,Western_AK_BBay
IYS2022-TINRO-3-13-Trawl-88-145,Western_AK_BBay
IYS2022-TINRO-3-13-Trawl-88-146,Western_AK_BBay
IYS2022-TINRO-3-13-Trawl-88-147,Western_AK_BBay
IYS2022-TINRO-3-13-Trawl-87-172,PWS_CopperR_SEAK
IYS2022-TINRO-3-13-Trawl-87-173,Cook_Inlet
IYS2022-TINRO-3-13-Trawl-87-174,Cook_Inlet
IYS2022-TINRO-3-13-Trawl-87-175,Western_AK_BBay
IYS2022-TINRO-3-13-Trawl-88-148,Western_AK_BBay
IYS2022-TINRO-3-13-Trawl-88-149,Western_AK_BBay
IYS2022-TINRO-3-13-Trawl-88-150,Western_AK_BBay
IYS2022-TINRO-3-13-Trawl-88-152,Western_AK_BBay
IYS2022-TINRO-3-13-Trawl-87-176,Cook_Inlet
IYS2022-TINRO-3-13-Trawl-87-177,Western_AK_BBay
IYS2022-TINRO-3-13-Trawl-88-154,Western_AK_BBay
IYS2022-TINRO-3-13-Trawl-88-155,Western_AK_BBay
IYS2022-TINRO-3-13-Trawl-88-156,Western_AK_BBay
IYS2022-TINRO-3-13-Trawl-87-179,Western_AK_BBay
IYS2022-TINRO-3-13-Trawl-87-180,BC_WA
IYS2022-TINRO-3-13-Trawl-87-181,BC_WA
IYS2022-TINRO-3-13-Trawl-87-182,AK_Pen_Kodiak_Afognak
IYS2022-TINRO-3-13-Trawl-87-183,Western_AK_BBay
IYS2022-TINRO-3-13-Trawl-88-157,AK_Pen_Kodiak_Afognak
IYS2022-TINRO-3-13-Trawl-88-158,Western_AK_BBay
IYS2022-TINRO-3-13-Trawl-88-159,Western_AK_BBay
IYS2022-TINRO-3-14-Trawl-98-197,Western_AK_BBay
IYS2022-TINRO-3-14-Trawl-98-198,AK_Pen_Kodiak_Afognak
IYS2022-TINRO-3-14-Trawl-98-199,BC_WA
IYS2022-TINRO-3-15-Trawl-106-204,Western_AK_BBay
IYS2022-TINRO-3-15-Trawl-106-206,PWS_CopperR_SEAK
IYS2022-TINRO-3-15-Trawl-106-207,Western_AK_BBay
IYS2022-TINRO-3-15-Trawl-106-208,Western_AK_BBay
IYS2022-TINRO-3-15-Trawl-106-209,Western_AK_BBay
IYS2022-TINRO-3-15-Trawl-106-210,Western_AK_BBay
IYS2022-TINRO-3-15-Trawl-106-211,Western_AK_BBay
IYS2022-TINRO-3-15-Trawl-106-212,Western_AK_BBay
IYS2022-TINRO-3-15-Trawl-106-213,Western_AK_BBay
IYS2022-TINRO-3-15-Trawl-106-214,Western_AK_BBay
IYS2022-TINRO-3-15-Trawl-106-215,Western_AK_BBay
IYS2022-TINRO-3-15-Trawl-106-216,Western_AK_BBay
IYS2022-TINRO-3-15-Trawl-106-217,Western_AK_BBay
IYS2022-TINRO-3-15-Trawl-106-218,Western_AK_BBay
IYS2022-TINRO-3-15-Trawl-106-219,Western_AK_BBay
IYS2022-TINRO-3-15-Trawl-106-220,AK_Pen_Kodiak_Afognak
IYS2022-TINRO-3-15-Trawl-106-221,AK_Pen_Kodiak_Afognak
IYS2022-TINRO-3-15-Trawl-106-222,Western_AK_BBay
IYS2022-TINRO-3-15-Trawl-106-223,Western_AK_BBay
IYS2022-TINRO-3-15-Trawl-106-224,Western_AK_BBay
IYS2022-TINRO-3-15-Trawl-107-226,AK_Pen_Kodiak_Afognak
IYS2022-TINRO-3-17-Trawl-123-240,Western_AK_BBay
IYS2022-TINRO-3-17-Trawl-123-241,Western_AK_BBay
IYS2022-TINRO-3-17-Trawl-123-242,Western_AK_BBay
IYS2022-TINRO-3-17-Trawl-123-243,AK_Pen_Kodiak_Afognak
IYS2022-TINRO-3-17-Trawl-123-244,Western_AK_BBay
IYS2022-TINRO-3-17-Trawl-123-245,Western_AK_BBay
IYS2022-TINRO-3-17-Trawl-123-247,Western_AK_BBay
IYS2022-TINRO-3-17-Trawl-123-248,Western_AK_BBay
IYS2022-TINRO-3-17-Trawl-124-249,AK_Pen_Kodiak_Afognak
IYS2022-TINRO-3-18-Trawl-131-250,Western_AK_BBay
IYS2022-TINRO-3-18-Trawl-131-251,Western_AK_BBay
IYS2022-TINRO-3-18-Trawl-131-252,Western_AK_BBay
IYS2022-TINRO-3-18-Trawl-131-253,Western_AK_BBay
IYS2022-TINRO-3-19-Trawl-137-255,Western_AK_BBay
IYS2022-TINRO-3-19-Trawl-137-256,BC_WA
IYS2022-TINRO-3-20-Trawl-144-257,BC_WA
IYS2022-TINRO-3-22-Trawl-153-266,Western_AK_BBay
IYS2022-TINRO-3-22-Trawl-153-267,Western_AK_BBay
IYS2022-TINRO-3-22-Trawl-153-268,Western_AK_BBay
IYS2022-TINRO-3-22-Trawl-153-269,Western_AK_BBay
IYS2022-TINRO-3-22-Trawl-153-270,PWS_CopperR_SEAK
IYS2022-TINRO-3-22-Trawl-153-271,PWS_CopperR_SEAK
IYS2022-TINRO-3-22-Trawl-153-272,PWS_CopperR_SEAK
IYS2022-TINRO-3-22-Trawl-154-278,PWS_CopperR_SEAK
IYS2022-TINRO-3-22-Trawl-153-273,Western_AK_BBay
IYS2022-TINRO-3-22-Trawl-153-274,Western_AK_BBay
IYS2022-TINRO-3-22-Trawl-154-279,Cook_Inlet
IYS2022-TINRO-3-22-Trawl-153-275,AK_Pen_Kodiak_Afognak
IYS2022-TINRO-3-22-Trawl-154-280,BC_WA
IYS2022-TINRO-3-22-Trawl-154-281,PWS_CopperR_SEAK
IYS2022-TINRO-3-22-Trawl-154-282,BC_WA
IYS2022-TINRO-3-22-Trawl-154-283,BC_WA
IYS2022-TINRO-3-22-Trawl-154-285,BC_WA
IYS2022-TINRO-3-22-Trawl-154-286,BC_WA
IYS2022-TINRO-3-22-Trawl-154-287,PWS_CopperR_SEAK
IYS2022-TINRO-3-22-Trawl-154-288,BC_WA
IYS2022-TINRO-3-22-Trawl-154-289,PWS_CopperR_SEAK
IYS2022-TINRO-3-23-Trawl-159-290,Cook_Inlet
IYS2022-TINRO-3-23-Trawl-159-291,Western_AK_BBay
IYS2022-TINRO-3-23-Trawl-159-292,AK_Pen_Kodiak_Afognak
IYS2022-TINRO-3-23-Trawl-159-293,Western_AK_BBay
IYS2022-TINRO-3-23-Trawl-159-294,Western_AK_BBay
IYS2022-TINRO-3-23-Trawl-159-295,BC_WA
IYS2022-TINRO-3-23-Trawl-159-302,BC_WA
IYS2022-TINRO-3-23-Trawl-160-301,BC_WA
IYS2022-TINRO-3-23-Trawl-159-303,Cook_Inlet
IYS2022-TINRO-3-23-Trawl-159-296,BC_WA
IYS2022-TINRO-3-23-Trawl-159-297,BC_WA
IYS2022-TINRO-3-23-Trawl-159-298,Western_AK_BBay
IYS2022-TINRO-3-23-Trawl-159-299,Western_AK_BBay
IYS2022-TINRO-3-23-Trawl-159-300,Western_AK_BBay
IYS2022-TINRO-3-24-Trawl-165-308,PWS_CopperR_SEAK
IYS2022-TINRO-3-24-Trawl-166-309,AK_Pen_Kodiak_Afognak
IYS2022-TINRO-3-25-Trawl-177-317,Cook_Inlet
IYS2022-TINRO-3-25-Trawl-177-318,AK_Pen_Kodiak_Afognak
IYS2022-TINRO-3-25-Trawl-177-320,Cook_Inlet
IYS2022-TINRO-3-25-Trawl-177-321,AK_Pen_Kodiak_Afognak
IYS2022-TINRO-3-25-Trawl-177-322,Cook_Inlet
IYS2022-TINRO-3-25-Trawl-177-323,BC_WA
IYS2022-TINRO-3-25-Trawl-177-324,PWS_CopperR_SEAK
IYS2022-TINRO-3-25-Trawl-177-326,Cook_Inlet
IYS2022-TINRO-3-26-Trawl-183-377,Cook_Inlet
IYS2022-TINRO-3-26-Trawl-183-379,PWS_CopperR_SEAK
IYS2022-TINRO-3-26-Trawl-183-380,AK_Pen_Kodiak_Afognak
IYS2022-TINRO-3-26-Trawl-183-381,Cook_Inlet
IYS2022-TINRO-3-26-Trawl-183-382,Western_AK_BBay
IYS2022-TINRO-3-26-Trawl-183-383,Cook_Inlet
IYS2022-TINRO-3-26-Trawl-183-425,AK_Pen_Kodiak_Afognak
IYS2022-TINRO-3-26-Trawl-183-384,Western_AK_BBay
IYS2022-TINRO-3-26-Trawl-183-426,AK_Pen_Kodiak_Afognak
IYS2022-TINRO-3-26-Trawl-183-385,AK_Pen_Kodiak_Afognak
IYS2022-TINRO-3-26-Trawl-183-386,Western_AK_BBay
IYS2022-TINRO-3-26-Trawl-183-387,Western_AK_BBay
IYS2022-TINRO-3-26-Trawl-183-388,AK_Pen_Kodiak_Afognak
IYS2022-TINRO-3-26-Trawl-183-389,Western_AK_BBay
IYS2022-TINRO-3-26-Trawl-183-390,Western_AK_BBay
IYS2022-TINRO-3-26-Trawl-183-391,Western_AK_BBay
IYS2022-TINRO-3-26-Trawl-183-392,AK_Pen_Kodiak_Afognak
IYS2022-TINRO-3-26-Trawl-183-393,PWS_CopperR_SEAK
IYS2022-TINRO-3-26-Trawl-183-394,Western_AK_BBay
IYS2022-TINRO-3-26-Trawl-183-395,PWS_CopperR_SEAK
IYS2022-TINRO-3-26-Trawl-183-397,Western_AK_BBay
IYS2022-TINRO-3-26-Trawl-183-398,AK_Pen_Kodiak_Afognak
IYS2022-TINRO-3-26-Trawl-183-400,Western_AK_BBay
IYS2022-TINRO-3-26-Trawl-183-401,BC_WA
IYS2022-TINRO-3-26-Trawl-183-403,Western_AK_BBay
IYS2022-TINRO-3-26-Trawl-183-404,Western_AK_BBay
IYS2022-TINRO-3-26-Trawl-183-405,Western_AK_BBay
IYS2022-TINRO-3-26-Trawl-183-407,AK_Pen_Kodiak_Afognak
IYS2022-TINRO-3-26-Trawl-183-408,Western_AK_BBay
IYS2022-TINRO-3-26-Trawl-183-409,AK_Pen_Kodiak_Afognak
IYS2022-TINRO-3-26-Trawl-183-410,AK_Pen_Kodiak_Afognak
IYS2022-TINRO-3-26-Trawl-183-411,Cook_Inlet
IYS2022-TINRO-3-26-Trawl-183-413,BC_WA
IYS2022-TINRO-3-26-Trawl-183-415,Western_AK_BBay
IYS2022-TINRO-3-26-Trawl-183-417,BC_WA
IYS2022-TINRO-3-26-Trawl-183-427,PWS_CopperR_SEAK
IYS2022-TINRO-3-26-Trawl-183-418,BC_WA
IYS2022-TINRO-3-26-Trawl-183-419,Cook_Inlet
IYS2022-TINRO-3-26-Trawl-183-420,Western_AK_BBay
IYS2022-TINRO-3-26-Trawl-183-422,Western_AK_BBay
IYS2022-TINRO-3-27-Trawl-191-439,PWS_CopperR_SEAK
IYS2022-TINRO-3-27-Trawl-192-440,Western_AK_BBay
IYS2022-TINRO-3-28-Trawl-201-443,Cook_Inlet
IYS2022-TINRO-3-28-Trawl-202-444,Western_AK_BBay
IYS2022-TINRO-3-28-Trawl-202-445,PWS_CopperR_SEAK
IYS2022-TINRO-3-28-Trawl-201-449,Western_AK_BBay
IYS2022-TINRO-3-28-Trawl-202-446,Cook_Inlet
IYS2022-TINRO-3-28-Trawl-202-447,Western_AK_BBay
IYS2022-TINRO-3-28-Trawl-202-448,BC_WA
IYS2022-TINRO-3-29-Trawl-211-454,AK_Pen_Kodiak_Afognak
IYS2022-TINRO-3-29-Trawl-211-455,AK_Pen_Kodiak_Afognak
IYS2022-TINRO-3-29-Trawl-212-470,Western_AK_BBay
IYS2022-TINRO-3-29-Trawl-212-471,Western_AK_BBay
IYS2022-TINRO-3-29-Trawl-211-456,Western_AK_BBay
IYS2022-TINRO-3-29-Trawl-211-458,PWS_CopperR_SEAK
IYS2022-TINRO-3-29-Trawl-212-472,Western_AK_BBay
IYS2022-TINRO-3-29-Trawl-212-473,Western_AK_BBay
IYS2022-TINRO-3-29-Trawl-212-474,Western_AK_BBay
IYS2022-TINRO-3-29-Trawl-212-475,Western_AK_BBay
IYS2022-TINRO-3-29-Trawl-212-476,BC_WA
IYS2022-TINRO-3-29-Trawl-212-478,Western_AK_BBay
IYS2022-TINRO-3-29-Trawl-212-479,Western_AK_BBay
IYS2022-TINRO-3-29-Trawl-212-480,Western_AK_BBay
IYS2022-TINRO-3-29-Trawl-212-481,Western_AK_BBay
IYS2022-TINRO-3-29-Trawl-212-482,Western_AK_BBay
IYS2022-TINRO-3-29-Trawl-212-483,Western_AK_BBay
IYS2022-TINRO-3-29-Trawl-212-484,AK_Pen_Kodiak_Afognak
IYS2022-TINRO-3-29-Trawl-212-468,Western_AK_BBay
IYS2022-TINRO-3-29-Trawl-211-459,Western_AK_BBay
IYS2022-TINRO-3-29-Trawl-211-460,PWS_CopperR_SEAK
IYS2022-TINRO-3-29-Trawl-212-469,Western_AK_BBay
IYS2022-TINRO-3-29-Trawl-211-461,Western_AK_BBay
IYS2022-TINRO-3-29-Trawl-211-462,Western_AK_BBay
IYS2022-TINRO-3-29-Trawl-211-463,PWS_CopperR_SEAK
IYS2022-TINRO-3-29-Trawl-211-464,Western_AK_BBay
IYS2022-TINRO-3-29-Trawl-211-465,BC_WA
IYS2022-TINRO-3-29-Trawl-211-466,Western_AK_BBay
IYS2022-TINRO-3-29-Trawl-211-467,Western_AK_BBay
IYS2022-TINRO-3-30-Trawl-216-486,Western_AK_BBay
IYS2022-TINRO-3-30-Trawl-216-488,Western_AK_BBay
IYS2022-TINRO-3-30-Trawl-216-489,Western_AK_BBay
IYS2022-TINRO-3-30-Trawl-217-490,Cook_Inlet
IYS2022-TINRO-3-30-Trawl-217-491,Western_AK_BBay
IYS2022-TINRO-3-30-Trawl-217-492,Western_AK_BBay
IYS2022-TINRO-3-31-Trawl-221-494,BC_WA
IYS2022-TINRO-3-31-Trawl-221-495,Cook_Inlet
IYS2022-TINRO-3-31-Trawl-221-496,Western_AK_BBay
IYS2022-TINRO-3-32-Trawl-226-502,Western_AK_BBay
IYS2022-TINRO-3-32-Trawl-226-503,AK_Pen_Kodiak_Afognak
IYS2022-NW-2-2-Trawl-3-9,Western_AK_BBay
IYS2022-NW-2-2-Trawl-3-11,Western_AK_BBay
IYS2022-NW-2-2-Trawl-3-12,Western_AK_BBay
IYS2022-NW-2-2-Trawl-3-13,Western_AK_BBay
IYS2022-NW-2-2-Trawl-3-14,Western_AK_BBay
IYS2022-NW-2-2-Trawl-3-15,Western_AK_BBay
IYS2022-NW-2-2-Trawl-3-17,Western_AK_BBay
IYS2022-NW-2-2-Trawl-3-18,Western_AK_BBay
IYS2022-NW-2-2-Trawl-3-19,Western_AK_BBay
IYS2022-NW-2-2-Trawl-3-21,Western_AK_BBay
IYS2022-NW-2-2-Trawl-3-22,Western_AK_BBay
IYS2022-NW-2-2-Trawl-3-23,Western_AK_BBay
IYS2022-NW-2-2-Trawl-3-24,Western_AK_BBay
IYS2022-NW-2-2-Trawl-3-35,Cook_Inlet
IYS2022-NW-2-3-Trawl-3-3,Western_AK_BBay
IYS2022-NW-2-3-Trawl-3-5,Western_AK_BBay
IYS2022-NW-2-3-Trawl-3-6,Western_AK_BBay
IYS2022-NW-2-3-Trawl-3-7,Western_AK_BBay
IYS2022-NW-2-3-Trawl-3-8,Western_AK_BBay
IYS2022-NW-2-3-Trawl-3-9,Western_AK_BBay
IYS2022-NW-2-3-Trawl-3-11,Western_AK_BBay
IYS2022-NW-2-4-Trawl-2-1,Western_AK_BBay
IYS2022-NW-2-4-Trawl-2-2,Western_AK_BBay
IYS2022-NW-2-5-Trawl-2-24,Western_AK_BBay
IYS2022-NW-2-5-Trawl-2-25,Western_AK_BBay
IYS2022-NW-2-5-Trawl-2-26,Western_AK_BBay
IYS2022-NW-2-5-Trawl-2-27,Western_AK_BBay
IYS2022-NW-2-5-Trawl-2-28,AK_Pen_Kodiak_Afognak
IYS2022-NW-2-5-Trawl-2-29,Western_AK_BBay
IYS2022-NW-2-5-Trawl-2-30,Cook_Inlet
IYS2022-NW-2-5-Trawl-2-31,BC_WA
IYS2022-NW-2-6-Trawl-3-33,AK_Pen_Kodiak_Afognak
IYS2022-NW-2-6-Trawl-3-34,Western_AK_BBay
IYS2022-NW-2-6-Trawl-3-35,Western_AK_BBay
IYS2022-NW-2-6-Trawl-3-38,Cook_Inlet
IYS2022-NW-2-6-Trawl-3-39,Western_AK_BBay
IYS2022-NW-2-6-Trawl-3-43,Cook_Inlet
IYS2022-NW-2-6-Trawl-3-44,Cook_Inlet
IYS2022-NW-2-6-Trawl-3-45,Western_AK_BBay
IYS2022-NW-2-7-Trawl-2-2,Western_AK_BBay
IYS2022-NW-2-7-Trawl-2-3,Western_AK_BBay
IYS2022-NW-2-7-Trawl-2-4,Western_AK_BBay
IYS2022-NW-2-7-Trawl-2-5,Western_AK_BBay
IYS2022-NW-2-7-Trawl-2-6,Western_AK_BBay
IYS2022-NW-2-7-Trawl-2-7,BC_WA
IYS2022-NW-2-7-Trawl-2-8,Western_AK_BBay
IYS2022-NW-2-7-Trawl-2-9,Western_AK_BBay
IYS2022-NW-2-7-Trawl-2-10,Western_AK_BBay
IYS2022-NW-2-8-Trawl-4-1,Western_AK_BBay
IYS2022-NW-2-8-Trawl-4-2,Western_AK_BBay
IYS2022-NW-2-8-Trawl-4-3,Western_AK_BBay
IYS2022-NW-2-8-Trawl-4-4,Western_AK_BBay
IYS2022-NW-2-8-Trawl-4-5,Western_AK_BBay
IYS2022-NW-2-8-Trawl-4-6,Western_AK_BBay
IYS2022-NW-2-8-Trawl-4-7,Western_AK_BBay
IYS2022-NW-2-8-Trawl-4-8,Western_AK_BBay
IYS2022-NW-2-11-Trawl-1-1,Western_AK_BBay
IYS2022-NW-2-11-Trawl-1-2,Western_AK_BBay
IYS2022-NW-2-11-Trawl-1-3,Western_AK_BBay
IYS2022-NW-2-11-Trawl-1-4,Western_AK_BBay
IYS2022-NW-2-11-Trawl-1-5,Western_AK_BBay
IYS2022-NW-2-11-Trawl-1-6,Western_AK_BBay
IYS2022-NW-2-11-Trawl-1-7,Western_AK_BBay
IYS2022-NW-2-11-Trawl-1-8,Western_AK_BBay
IYS2022-NW-2-12-Trawl-4-1,Western_AK_BBay
IYS2022-NW-2-12-Trawl-4-2,Western_AK_BBay
IYS2022-NW-2-12-Trawl-4-3,Western_AK_BBay
IYS2022-NW-2-12-Trawl-4-4,Western_AK_BBay
IYS2022-NW-2-12-Trawl-4-5,Western_AK_BBay
IYS2022-NW-2-12-Trawl-4-6,Western_AK_BBay
IYS2022-NW-2-12-Trawl-4-7,Western_AK_BBay
IYS2022-NW-2-12-Trawl-4-8,Western_AK_BBay
IYS2022-NW-2-12-Trawl-4-9,Western_AK_BBay
IYS2022-NW-2-12-Trawl-4-10,Western_AK_BBay
IYS2022-NW-2-13-Trawl-5-27,Western_AK_BBay
IYS2022-NW-2-13-Trawl-5-28,Western_AK_BBay
IYS2022-NW-2-13-Trawl-5-29,Western_AK_BBay
IYS2022-NW-2-13-Trawl-5-30,AK_Pen_Kodiak_Afognak
IYS2022-NW-2-13-Trawl-5-31,Russia
IYS2022-NW-2-13-Trawl-5-32,Cook_Inlet
IYS2022-NW-2-13-Trawl-5-33,Western_AK_BBay
IYS2022-NW-2-13-Trawl-5-34,Western_AK_BBay
IYS2022-NW-2-14-Trawl-3-1,AK_Pen_Kodiak_Afognak
IYS2022-NW-2-14-Trawl-3-2,Western_AK_BBay
IYS2022-NW-2-14-Trawl-3-3,Western_AK_BBay
IYS2022-NW-2-14-Trawl-3-5,Western_AK_BBay
IYS2022-NW-2-14-Trawl-3-6,Western_AK_BBay
IYS2022-NW-2-14-Trawl-3-8,Cook_Inlet
IYS2022-NW-2-14-Trawl-3-9,Western_AK_BBay
IYS2022-NW-2-14-Trawl-3-10,Western_AK_BBay
IYS2022-NW-2-14-Trawl-3-11,Western_AK_BBay
IYS2022-NW-2-14-Trawl-3-12,Western_AK_BBay
IYS2022-NW-2-14-Trawl-3-13,Western_AK_BBay
IYS2022-NW-2-14-Trawl-3-15,Western_AK_BBay
IYS2022-NW-2-14-Trawl-3-16,BC_WA
IYS2022-NW-2-14-Trawl-3-17,BC_WA
IYS2022-NW-2-14-Trawl-3-20,Western_AK_BBay
IYS2022-NW-2-14-Trawl-3-21,Cook_Inlet
IYS2022-NW-2-14-Trawl-3-22,AK_Pen_Kodiak_Afognak
IYS2022-NW-2-14-Trawl-3-23,Western_AK_BBay
IYS2022-NW-2-14-Trawl-3-24,Western_AK_BBay
IYS2022-NW-2-14-Trawl-3-25,Western_AK_BBay
IYS2022-NW-2-14-Trawl-3-26,Western_AK_BBay
IYS2022-NW-2-15-Trawl-4-26,Western_AK_BBay
IYS2022-NW-2-15-Trawl-4-27,Russia
IYS2022-NW-2-15-Trawl-4-29,AK_Pen_Kodiak_Afognak
IYS2022-NW-2-15-Trawl-4-30,PWS_CopperR_SEAK
IYS2022-NW-2-15-Trawl-4-31,Western_AK_BBay
IYS2022-NW-2-15-Trawl-4-32,Western_AK_BBay
IYS2022-NW-2-15-Trawl-4-34,Western_AK_BBay
IYS2022-NW-2-15-Trawl-4-35,Western_AK_BBay
IYS2022-NW-2-15-Trawl-4-36,Western_AK_BBay
IYS2022-NW-2-14-Trawl-3-27,Western_AK_BBay
IYS2022-NW-2-16-Trawl-5-38,BC_WA
IYS2022-NW-2-16-Trawl-5-39,Cook_Inlet
IYS2022-NW-2-16-Trawl-5-40,Cook_Inlet
IYS2022-NW-2-16-Trawl-5-41,Western_AK_BBay
IYS2022-NW-2-16-Trawl-5-42,Western_AK_BBay
IYS2022-NW-2-16-Trawl-5-43,BC_WA
IYS2022-NW-2-16-Trawl-5-44,Western_AK_BBay
IYS2022-NW-2-16-Trawl-5-45,Western_AK_BBay
IYS2022-NW-2-16-Trawl-5-46,BC_WA
IYS2022-NW-2-16-Trawl-5-47,Western_AK_BBay
IYS2022-NW-2-17-Trawl-3-56,Western_AK_BBay
IYS2022-NW-2-17-Trawl-3-57,Cook_Inlet
IYS2022-NW-2-17-Trawl-3-58,AK_Pen_Kodiak_Afognak
IYS2022-NW-2-17-Trawl-3-59,Western_AK_BBay
IYS2022-NW-2-17-Trawl-3-60,Russia
IYS2022-NW-2-17-Trawl-3-61,Western_AK_BBay
IYS2022-NW-2-17-Trawl-3-62,Western_AK_BBay
IYS2022-NW-2-17-Trawl-3-63,Western_AK_BBay
IYS2022-NW-2-17-Trawl-3-64,Cook_Inlet
IYS2022-NW-2-17-Trawl-3-66,Western_AK_BBay
IYS2022-NW-2-17-Trawl-3-67,Russia
IYS2022-NW-2-17-Trawl-3-68,Western_AK_BBay
IYS2022-NW-2-17-Trawl-3-69,Western_AK_BBay
IYS2022-NW-2-17-Trawl-3-70,Western_AK_BBay
IYS2022-NW-2-17-Trawl-3-71,Western_AK_BBay
IYS2022-NW-2-17-Trawl-3-72,AK_Pen_Kodiak_Afognak
IYS2022-NW-2-17-Trawl-3-73,Western_AK_BBay
IYS2022-NW-2-17-Trawl-3-74,AK_Pen_Kodiak_Afognak
IYS2022-NW-2-17-Trawl-3-75,Western_AK_BBay
IYS2022-NW-2-17-Trawl-3-76,Western_AK_BBay
IYS2022-NW-2-17-Trawl-3-77,Western_AK_BBay
IYS2022-NW-2-17-Trawl-3-78,Western_AK_BBay
IYS2022-NW-2-17-Trawl-3-79,Western_AK_BBay
IYS2022-NW-2-18-Trawl-3-77,Western_AK_BBay
IYS2022-NW-2-18-Trawl-3-78,Russia
IYS2022-NW-2-18-Trawl-3-80,Russia
IYS2022-NW-2-18-Trawl-3-81,Western_AK_BBay
IYS2022-NW-2-18-Trawl-3-82,Western_AK_BBay
IYS2022-NW-2-18-Trawl-3-83,Western_AK_BBay
IYS2022-NW-2-18-Trawl-3-84,Western_AK_BBay
IYS2022-NW-2-18-Trawl-3-85,Cook_Inlet
IYS2022-NW-2-19-Trawl-9-6,Western_AK_BBay
IYS2022-NW-2-19-Trawl-9-7,Western_AK_BBay
IYS2022-NW-2-19-Trawl-9-8,Western_AK_BBay
IYS2022-NW-2-19-Trawl-9-10,Western_AK_BBay
IYS2022-NW-2-20-Trawl-4-2,Western_AK_BBay
IYS2022-NW-2-20-Trawl-4-3,Russia
IYS2022-NW-2-20-Trawl-4-4,Western_AK_BBay
IYS2022-NW-2-20-Trawl-4-5,Western_AK_BBay
IYS2022-NW-2-20-Trawl-4-6,Western_AK_BBay
IYS2022-NW-2-20-Trawl-4-7,Western_AK_BBay
IYS2022-NW-2-20-Trawl-4-9,Russia
IYS2022-NW-2-20-Trawl-4-11,Western_AK_BBay
IYS2022-NW-2-20-Trawl-4-13,Western_AK_BBay
IYS2022-NW-2-20-Trawl-4-14,Western_AK_BBay
IYS2022-NW-2-20-Trawl-4-15,Western_AK_BBay
IYS2022-NW-2-20-Trawl-4-16,Western_AK_BBay
IYS2022-NW-2-20-Trawl-4-17,Western_AK_BBay
IYS2022-NW-2-20-Trawl-4-18,Western_AK_BBay
IYS2022-NW-2-20-Trawl-4-19,Western_AK_BBay
IYS2022-NW-2-20-Trawl-4-20,Western_AK_BBay
IYS2022-NW-2-20-Trawl-4-21,Western_AK_BBay
IYS2022-NW-2-20-Trawl-4-22,Western_AK_BBay
IYS2022-NW-2-20-Trawl-4-23,Western_AK_BBay
IYS2022-NW-2-20-Trawl-4-24,Western_AK_BBay
IYS2022-NW-2-20-Trawl-4-25,Western_AK_BBay
IYS2022-NW-2-20-Trawl-4-26,Western_AK_BBay
IYS2022-NW-2-20-Trawl-4-27,Cook_Inlet
IYS2022-NW-2-20-Trawl-4-28,Western_AK_BBay
IYS2022-NW-2-20-Trawl-4-29,AK_Pen_Kodiak_Afognak
IYS2022-NW-2-20-Trawl-4-30,Western_AK_BBay
IYS2022-NW-2-20-Trawl-4-31,Western_AK_BBay
IYS2022-NW-2-20-Trawl-4-32,Western_AK_BBay
IYS2022-NW-2-20-Trawl-4-33,PWS_CopperR_SEAK
IYS2022-NW-2-20-Trawl-4-34,Western_AK_BBay
IYS2022-NW-2-20-Trawl-4-35,Western_AK_BBay
IYS2022-NW-2-20-Trawl-4-36,Russia
IYS2022-NW-2-21-Trawl-1-1,AK_Pen_Kodiak_Afognak
IYS2022-NW-2-21-Trawl-1-2,Western_AK_BBay
IYS2022-NW-2-22-Trawl-3-48,Western_AK_BBay
IYS2022-NW-2-22-Trawl-3-49,Western_AK_BBay
IYS2022-Shimada-4-3-Trawl-5-9,Western_AK_BBay
IYS2022-Shimada-4-3-Trawl-5-8,Western_AK_BBay
IYS2022-Shimada-4-3-Trawl-5-7,Cook_Inlet
IYS2022-Shimada-4-3-Trawl-5-6,Cook_Inlet
IYS2022-Shimada-4-3-Trawl-5-5,Western_AK_BBay
IYS2022-Shimada-4-3-Trawl-5-4,Western_AK_BBay
IYS2022-Shimada-4-3-Trawl-5-3,Western_AK_BBay
IYS2022-Shimada-4-3-Trawl-5-12,Cook_Inlet
IYS2022-Shimada-4-3-Trawl-5-11,Western_AK_BBay
IYS2022-Shimada-4-3-Trawl-5-1,Western_AK_BBay
IYS2022-Shimada-4-25-Trawl-8-1,Cook_Inlet
IYS2022-Shimada-4-24-Trawl-12-9,AK_Pen_Kodiak_Afognak
IYS2022-Shimada-4-24-Trawl-12-8,Western_AK_BBay
IYS2022-Shimada-4-24-Trawl-12-7,Western_AK_BBay
IYS2022-Shimada-4-24-Trawl-12-6,Cook_Inlet
IYS2022-Shimada-4-24-Trawl-12-5,AK_Pen_Kodiak_Afognak
IYS2022-Shimada-4-24-Trawl-12-4,BC_WA
IYS2022-Shimada-4-24-Trawl-12-3,AK_Pen_Kodiak_Afognak
IYS2022-Shimada-4-24-Trawl-12-2,BC_WA
IYS2022-Shimada-4-24-Trawl-12-10,Western_AK_BBay
IYS2022-Shimada-4-24-Trawl-12-1,Western_AK_BBay
IYS2022-Shimada-4-23-Trawl-6-4,Western_AK_BBay
IYS2022-Shimada-4-23-Trawl-6-3,AK_Pen_Kodiak_Afognak
IYS2022-Shimada-4-23-Trawl-6-2,Western_AK_BBay
IYS2022-Shimada-4-23-Trawl-6-1,Western_AK_BBay
IYS2022-Shimada-4-22-Trawl-7-9,Cook_Inlet
IYS2022-Shimada-4-22-Trawl-7-8,AK_Pen_Kodiak_Afognak
IYS2022-Shimada-4-22-Trawl-7-7,AK_Pen_Kodiak_Afognak
IYS2022-Shimada-4-22-Trawl-7-6,BC_WA
IYS2022-Shimada-4-22-Trawl-7-5,PWS_CopperR_SEAK
IYS2022-Shimada-4-22-Trawl-7-4,BC_WA
IYS2022-Shimada-4-22-Trawl-7-3,Cook_Inlet
IYS2022-Shimada-4-22-Trawl-7-2,BC_WA
IYS2022-Shimada-4-22-Trawl-7-1,Cook_Inlet
IYS2022-Shimada-4-21-Trawl-10-7,BC_WA
IYS2022-Shimada-4-21-Trawl-10-6,Cook_Inlet
IYS2022-Shimada-4-21-Trawl-10-5,Western_AK_BBay
IYS2022-Shimada-4-21-Trawl-10-4,BC_WA
IYS2022-Shimada-4-21-Trawl-10-3,Cook_Inlet
IYS2022-Shimada-4-20-Trawl-7-1,PWS_CopperR_SEAK
IYS2022-Shimada-4-19-Trawl-9-4,Western_AK_BBay
IYS2022-Shimada-4-19-Trawl-9-3,AK_Pen_Kodiak_Afognak
IYS2022-Shimada-4-19-Trawl-9-2,BC_WA
IYS2022-Shimada-4-19-Trawl-9-1,BC_WA
IYS2022-Shimada-4-18-Trawl-11-7,AK_Pen_Kodiak_Afognak
IYS2022-Shimada-4-18-Trawl-11-6,Cook_Inlet
IYS2022-Shimada-4-18-Trawl-11-5,Western_AK_BBay
IYS2022-Shimada-4-18-Trawl-11-4,PWS_CopperR_SEAK
IYS2022-Shimada-4-18-Trawl-11-3,BC_WA
IYS2022-Shimada-4-18-Trawl-11-2,Western_AK_BBay
IYS2022-Shimada-4-17-Trawl-7-3,PWS_CopperR_SEAK
IYS2022-Shimada-4-17-Trawl-7-2,Western_AK_BBay
IYS2022-Shimada-4-17-Trawl-7-1,BC_WA
IYS2022-Shimada-4-16-Trawl-7-5,PWS_CopperR_SEAK
IYS2022-Shimada-4-16-Trawl-7-4,Western_AK_BBay
IYS2022-Shimada-4-16-Trawl-7-3,Western_AK_BBay
IYS2022-Shimada-4-16-Trawl-7-2,Western_AK_BBay
IYS2022-Shimada-4-16-Trawl-7-1,Western_AK_BBay
IYS2022-Shimada-4-15-Trawl-10-3,Western_AK_BBay
IYS2022-Shimada-4-15-Trawl-10-2,Western_AK_BBay
IYS2022-Shimada-4-15-Trawl-10-1,Western_AK_BBay
IYS2022-Shimada-4-14-Trawl-8-1,BC_WA
IYS2022-Shimada-4-12-Trawl-8-1,PWS_CopperR_SEAK
IYS2022-Franklin-5-49-138-Trawl-118-0001,PWS_CopperR_SEAK
IYS2022-Franklin-5-50-138-Trawl-118-0002,BC_WA
IYS2022-Franklin-5-50-138-Trawl-118-0004,BC_WA
IYS2022-Franklin-5-50-138-Trawl-118-0005,Western_AK_BBay
IYS2022-Franklin-5-50-138-Trawl-118-0006,Western_AK_BBay
IYS2022-Franklin-5-50-138-Trawl-118-0007,Western_AK_BBay
IYS2022-Franklin-5-50-138-Trawl-118-0008,Western_AK_BBay
IYS2022-Franklin-5-50-141-Trawl-118-0009,BC_WA
IYS2022-Franklin-5-50-141-Trawl-118-0010,Western_AK_BBay
IYS2022-Franklin-5-50-141-Trawl-118-0011,Western_AK_BBay
IYS2022-Franklin-5-50-141-Trawl-118-0012,Western_AK_BBay
IYS2022-Franklin-5-50-141-Trawl-118-0013,BC_WA
IYS2022-Franklin-5-49-141-Trawl-118-0014,PWS_CopperR_SEAK
IYS2022-Franklin-5-49-141-Trawl-118-0015,Western_AK_BBay
IYS2022-Franklin-5-49-141-Trawl-118-0017,Cook_Inlet
IYS2022-Franklin-5-49-141-Trawl-118-0018,Western_AK_BBay
IYS2022-Franklin-5-48-141-Trawl-118-0020,BC_WA
IYS2022-Franklin-5-48-144-Trawl-118-0022,Western_AK_BBay
IYS2022-Franklin-5-51-141-Trawl-118-0023,BC_WA
IYS2022-Franklin-5-51-141-Trawl-118-0024,Western_AK_BBay
IYS2022-Franklin-5-51-141-Trawl-118-0025,Western_AK_BBay
IYS2022-Franklin-5-51-141-Trawl-118-0026,Western_AK_BBay
IYS2022-Franklin-5-51-141-Trawl-118-0027,Western_AK_BBay
IYS2022-Franklin-5-51-141-Trawl-118-0028,BC_WA
IYS2022-Franklin-5-51-141-Trawl-118-0029,Western_AK_BBay
IYS2022-Franklin-5-51-141-Trawl-118-0030,Western_AK_BBay
IYS2022-Franklin-5-51-141-Trawl-118-0032,Western_AK_BBay
IYS2022-Franklin-5-51-141-Trawl-118-0033,AK_Pen_Kodiak_Afognak
IYS2022-Franklin-5-51-141-Trawl-118-0034,Western_AK_BBay
IYS2022-Franklin-5-51-141-Trawl-118-0035,BC_WA
IYS2022-Franklin-5-51-141-Trawl-118-0040,Western_AK_BBay
IYS2022-Franklin-5-51-141-Trawl-118-0041,BC_WA
IYS2022-Franklin-5-51-141-Trawl-118-0042,Western_AK_BBay
IYS2022-Franklin-5-51-141-Trawl-118-0043,Western_AK_BBay
IYS2022-Franklin-5-51-141-Trawl-118-0044,PWS_CopperR_SEAK
IYS2022-Franklin-5-51-141-Trawl-118-0045,BC_WA
IYS2022-Franklin-5-51-141-Trawl-118-0046,Western_AK_BBay
IYS2022-Franklin-5-51-141-Trawl-118-0047,Cook_Inlet
IYS2022-Franklin-5-52-141-Trawl-118-0052,Western_AK_BBay
IYS2022-Franklin-5-52-141-Trawl-118-0053,Western_AK_BBay
IYS2022-Franklin-5-52-141-Trawl-118-0054,AK_Pen_Kodiak_Afognak
IYS2022-Franklin-5-52-141-Trawl-118-0055,Western_AK_BBay
IYS2022-Franklin-5-52-141-Trawl-118-0056,BC_WA
IYS2022-Franklin-5-52-141-Trawl-118-0057,BC_WA
IYS2022-Franklin-5-53-141-Trawl-118-0058,Western_AK_BBay
IYS2022-Franklin-5-53-141-Trawl-118-0059,Western_AK_BBay
IYS2022-Franklin-5-53-138-Trawl-118-0060,Western_AK_BBay
IYS2022-Franklin-5-52-138-Trawl-118-0061,BC_WA
IYS2022-Franklin-5-52-138-Trawl-118-0062,BC_WA
IYS2022-Franklin-5-52-138-Trawl-118-0063,Western_AK_BBay
IYS2022-Franklin-5-52-138-Trawl-118-0065,Western_AK_BBay
IYS2022-Franklin-5-52-138-Trawl-118-0066,PWS_CopperR_SEAK
IYS2022-Franklin-5-52-135-Trawl-118-0067,Western_AK_BBay
IYS2022-Franklin-5-54-138-Trawl-118-0076,Western_AK_BBay
IYS2022-Franklin-5-54-138-Trawl-118-0077,Western_AK_BBay
IYS2022-Franklin-5-54-138-Trawl-118-0078,BC_WA
IYS2022-Franklin-5-55-141-Trawl-118-0079,Western_AK_BBay
IYS2022-Franklin-5-56-141-Trawl-118-0081,Western_AK_BBay
IYS2022-Franklin-5-55-144-Trawl-118-0082,BC_WA
IYS2022-Franklin-5-55-144-Trawl-118-0083,Western_AK_BBay
IYS2022-Franklin-5-55-144-Trawl-118-0085,BC_WA
IYS2022-Franklin-5-55-144-Trawl-118-0086,Western_AK_BBay
IYS2022-Franklin-5-54-144-Trawl-118-0087,PWS_CopperR_SEAK
IYS2022-Franklin-5-53-144-Trawl-118-0089,PWS_CopperR_SEAK
